WHO_region,Date_reported,New_cases,New_deaths
AFRO,2020-01-03,0,0
AMRO,2020-01-03,0,0
EMRO,2020-01-03,0,0
EURO,2020-01-03,0,0
SEARO,2020-01-03,0,0
WPRO,2020-01-03,0,0
AFRO,2020-01-04,0,0
AMRO,2020-01-04,0,0
EMRO,2020-01-04,0,0
EURO,2020-01-04,0,0
SEARO,2020-01-04,0,0
WPRO,2020-01-04,1,0
AFRO,2020-01-05,0,0
AMRO,2020-01-05,0,0
EMRO,2020-01-05,0,0
EURO,2020-01-05,0,0
SEARO,2020-01-05,0,0
WPRO,2020-01-05,0,0
AFRO,2020-01-06,0,0
AMRO,2020-01-06,0,0
EMRO,2020-01-06,0,0
EURO,2020-01-06,0,0
SEARO,2020-01-06,0,0
WPRO,2020-01-06,3,0
AFRO,2020-01-07,0,0
AMRO,2020-01-07,0,0
EMRO,2020-01-07,0,0
EURO,2020-01-07,0,0
SEARO,2020-01-07,0,0
WPRO,2020-01-07,0,0
AFRO,2020-01-08,0,0
AMRO,2020-01-08,0,0
EMRO,2020-01-08,0,0
EURO,2020-01-08,0,0
SEARO,2020-01-08,0,0
WPRO,2020-01-08,0,0
AFRO,2020-01-09,0,0
AMRO,2020-01-09,0,0
EMRO,2020-01-09,0,0
EURO,2020-01-09,0,0
SEARO,2020-01-09,0,0
WPRO,2020-01-09,0,0
AFRO,2020-01-10,0,0
AMRO,2020-01-10,0,0
EMRO,2020-01-10,0,0
EURO,2020-01-10,0,0
SEARO,2020-01-10,0,0
WPRO,2020-01-10,0,0
AFRO,2020-01-11,0,0
AMRO,2020-01-11,0,0
EMRO,2020-01-11,0,0
EURO,2020-01-11,0,0
SEARO,2020-01-11,0,0
WPRO,2020-01-11,0,0
AFRO,2020-01-12,0,0
AMRO,2020-01-12,0,0
EMRO,2020-01-12,0,0
EURO,2020-01-12,0,0
SEARO,2020-01-12,0,0
WPRO,2020-01-12,41,1
AFRO,2020-01-13,0,0
AMRO,2020-01-13,0,0
EMRO,2020-01-13,0,0
EURO,2020-01-13,0,0
SEARO,2020-01-13,5,0
WPRO,2020-01-13,0,0
AFRO,2020-01-14,0,0
AMRO,2020-01-14,0,0
EMRO,2020-01-14,0,0
EURO,2020-01-14,0,0
SEARO,2020-01-14,0,0
WPRO,2020-01-14,1,0
AFRO,2020-01-15,0,0
AMRO,2020-01-15,0,0
EMRO,2020-01-15,0,0
EURO,2020-01-15,0,0
SEARO,2020-01-15,0,0
WPRO,2020-01-15,0,0
AFRO,2020-01-16,0,0
AMRO,2020-01-16,0,0
EMRO,2020-01-16,0,0
EURO,2020-01-16,0,0
SEARO,2020-01-16,0,0
WPRO,2020-01-16,0,0
AFRO,2020-01-17,0,0
AMRO,2020-01-17,0,0
EMRO,2020-01-17,0,0
EURO,2020-01-17,0,0
SEARO,2020-01-17,1,0
WPRO,2020-01-17,4,1
AFRO,2020-01-18,0,0
AMRO,2020-01-18,0,0
EMRO,2020-01-18,0,0
EURO,2020-01-18,0,0
SEARO,2020-01-18,0,0
WPRO,2020-01-18,0,0
AFRO,2020-01-19,0,0
AMRO,2020-01-19,0,0
EMRO,2020-01-19,0,0
EURO,2020-01-19,0,0
SEARO,2020-01-19,0,0
WPRO,2020-01-19,81,1
AFRO,2020-01-20,0,0
AMRO,2020-01-20,5,0
EMRO,2020-01-20,0,0
EURO,2020-01-20,0,0
SEARO,2020-01-20,0,0
WPRO,2020-01-20,77,1
AFRO,2020-01-21,0,0
AMRO,2020-01-21,0,0
EMRO,2020-01-21,0,0
EURO,2020-01-21,0,0
SEARO,2020-01-21,0,0
WPRO,2020-01-21,93,2
AFRO,2020-01-22,0,0
AMRO,2020-01-22,0,0
EMRO,2020-01-22,0,0
EURO,2020-01-22,0,0
SEARO,2020-01-22,2,0
WPRO,2020-01-22,147,11
AFRO,2020-01-23,0,0
AMRO,2020-01-23,0,0
EMRO,2020-01-23,0,0
EURO,2020-01-23,0,0
SEARO,2020-01-23,5,0
WPRO,2020-01-23,132,1
AFRO,2020-01-24,0,0
AMRO,2020-01-24,1,0
EMRO,2020-01-24,0,0
EURO,2020-01-24,3,0
SEARO,2020-01-24,0,0
WPRO,2020-01-24,269,8
AFRO,2020-01-25,0,0
AMRO,2020-01-25,0,0
EMRO,2020-01-25,0,0
EURO,2020-01-25,0,0
SEARO,2020-01-25,0,0
WPRO,2020-01-25,469,16
AFRO,2020-01-26,0,0
AMRO,2020-01-26,3,0
EMRO,2020-01-26,0,0
EURO,2020-01-26,0,0
SEARO,2020-01-26,1,0
WPRO,2020-01-26,691,14
AFRO,2020-01-27,0,0
AMRO,2020-01-27,6,0
EMRO,2020-01-27,0,0
EURO,2020-01-27,0,0
SEARO,2020-01-27,8,0
WPRO,2020-01-27,782,26
AFRO,2020-01-28,0,0
AMRO,2020-01-28,1,0
EMRO,2020-01-28,0,0
EURO,2020-01-28,1,0
SEARO,2020-01-28,6,0
WPRO,2020-01-28,1771,49
AFRO,2020-01-29,0,0
AMRO,2020-01-29,0,0
EMRO,2020-01-29,8,0
EURO,2020-01-29,7,0
SEARO,2020-01-29,0,0
WPRO,2020-01-29,1469,2
AFRO,2020-01-30,0,0
AMRO,2020-01-30,1,0
EMRO,2020-01-30,0,0
EURO,2020-01-30,1,0
SEARO,2020-01-30,5,0
WPRO,2020-01-30,1750,38
AFRO,2020-01-31,0,0
AMRO,2020-01-31,2,0
EMRO,2020-01-31,0,0
EURO,2020-01-31,6,0
SEARO,2020-01-31,5,0
WPRO,2020-01-31,2000,42
AFRO,2020-02-01,0,0
AMRO,2020-02-01,1,0
EMRO,2020-02-01,1,0
EURO,2020-02-01,4,0
SEARO,2020-02-01,0,0
WPRO,2020-02-01,2109,46
AFRO,2020-02-02,0,0
AMRO,2020-02-02,0,0
EMRO,2020-02-02,0,0
EURO,2020-02-02,5,0
SEARO,2020-02-02,1,0
WPRO,2020-02-02,2601,103
AFRO,2020-02-03,0,0
AMRO,2020-02-03,3,0
EMRO,2020-02-03,0,0
EURO,2020-02-03,1,0
SEARO,2020-02-03,1,0
WPRO,2020-02-03,2834,64
AFRO,2020-02-04,0,0
AMRO,2020-02-04,0,0
EMRO,2020-02-04,0,0
EURO,2020-02-04,3,0
SEARO,2020-02-04,6,0
WPRO,2020-02-04,3235,66
AFRO,2020-02-05,0,0
AMRO,2020-02-05,1,0
EMRO,2020-02-05,0,0
EURO,2020-02-05,1,0
SEARO,2020-02-05,0,0
WPRO,2020-02-05,3908,72
AFRO,2020-02-06,0,0
AMRO,2020-02-06,1,0
EMRO,2020-02-06,0,0
EURO,2020-02-06,0,0
SEARO,2020-02-06,0,0
WPRO,2020-02-06,3712,70
AFRO,2020-02-07,0,0
AMRO,2020-02-07,2,0
EMRO,2020-02-07,0,0
EURO,2020-02-07,2,0
SEARO,2020-02-07,0,0
WPRO,2020-02-07,3159,85
AFRO,2020-02-08,0,0
AMRO,2020-02-08,0,0
EMRO,2020-02-08,2,0
EURO,2020-02-08,6,0
SEARO,2020-02-08,0,0
WPRO,2020-02-08,3392,87
AFRO,2020-02-09,0,0
AMRO,2020-02-09,0,0
EMRO,2020-02-09,0,0
EURO,2020-02-09,0,0
SEARO,2020-02-09,0,0
WPRO,2020-02-09,2664,100
AFRO,2020-02-10,0,0
AMRO,2020-02-10,0,0
EMRO,2020-02-10,1,0
EURO,2020-02-10,4,0
SEARO,2020-02-10,0,0
WPRO,2020-02-10,2989,107
AFRO,2020-02-11,0,0
AMRO,2020-02-11,1,0
EMRO,2020-02-11,0,0
EURO,2020-02-11,2,0
SEARO,2020-02-11,8,0
WPRO,2020-02-11,2478,100
AFRO,2020-02-12,0,0
AMRO,2020-02-12,0,0
EMRO,2020-02-12,0,0
EURO,2020-02-12,2,0
SEARO,2020-02-12,0,0
WPRO,2020-02-12,2027,5
AFRO,2020-02-13,0,0
AMRO,2020-02-13,2,0
EMRO,2020-02-13,0,0
EURO,2020-02-13,1,1
SEARO,2020-02-13,0,0
WPRO,2020-02-13,15155,253
AFRO,2020-02-14,0,0
AMRO,2020-02-14,0,0
EMRO,2020-02-14,5,0
EURO,2020-02-14,3,0
SEARO,2020-02-14,0,0
WPRO,2020-02-14,4065,152
AFRO,2020-02-15,0,0
AMRO,2020-02-15,0,0
EMRO,2020-02-15,0,0
EURO,2020-02-15,0,1
SEARO,2020-02-15,1,0
WPRO,2020-02-15,2660,142
AFRO,2020-02-16,0,0
AMRO,2020-02-16,0,0
EMRO,2020-02-16,1,0
EURO,2020-02-16,0,0
SEARO,2020-02-16,0,0
WPRO,2020-02-16,2029,104
AFRO,2020-02-17,0,0
AMRO,2020-02-17,1,0
EMRO,2020-02-17,0,0
EURO,2020-02-17,1,0
SEARO,2020-02-17,1,0
WPRO,2020-02-17,2060,98
AFRO,2020-02-18,0,0
AMRO,2020-02-18,0,0
EMRO,2020-02-18,0,0
EURO,2020-02-18,0,0
SEARO,2020-02-18,0,0
WPRO,2020-02-18,1904,139
AFRO,2020-02-19,0,0
AMRO,2020-02-19,0,0
EMRO,2020-02-19,0,0
EURO,2020-02-19,0,0
SEARO,2020-02-19,0,0
WPRO,2020-02-19,1782,113
AFRO,2020-02-20,0,0
AMRO,2020-02-20,0,0
EMRO,2020-02-20,9,2
EURO,2020-02-20,0,0
SEARO,2020-02-20,0,0
WPRO,2020-02-20,432,123
AFRO,2020-02-21,0,0
AMRO,2020-02-21,19,0
EMRO,2020-02-21,20,2
EURO,2020-02-21,1,0
SEARO,2020-02-21,0,0
WPRO,2020-02-21,1035,0
AFRO,2020-02-22,0,0
AMRO,2020-02-22,2,0
EMRO,2020-02-22,12,1
EURO,2020-02-22,14,0
SEARO,2020-02-22,0,0
WPRO,2020-02-22,1073,206
AFRO,2020-02-23,0,0
AMRO,2020-02-23,0,0
EMRO,2020-02-23,15,3
EURO,2020-02-23,65,2
SEARO,2020-02-23,0,0
WPRO,2020-02-23,849,2
AFRO,2020-02-24,0,0
AMRO,2020-02-24,19,0
EMRO,2020-02-24,44,0
EURO,2020-02-24,55,0
SEARO,2020-02-24,0,0
WPRO,2020-02-24,463,155
AFRO,2020-02-25,5,0
AMRO,2020-02-25,0,0
EMRO,2020-02-25,64,7
EURO,2020-02-25,99,4
SEARO,2020-02-25,2,0
WPRO,2020-02-25,674,72
AFRO,2020-02-26,0,0
AMRO,2020-02-26,12,0
EMRO,2020-02-26,66,4
EURO,2020-02-26,110,5
SEARO,2020-02-26,0,0
WPRO,2020-02-26,705,56
AFRO,2020-02-27,0,0
AMRO,2020-02-27,0,0
EMRO,2020-02-27,150,7
EURO,2020-02-27,105,2
SEARO,2020-02-27,3,0
WPRO,2020-02-27,969,32
AFRO,2020-02-28,5,0
AMRO,2020-02-28,9,0
EMRO,2020-02-28,153,8
EURO,2020-02-28,331,5
SEARO,2020-02-28,1,0
WPRO,2020-02-28,359,44
AFRO,2020-02-29,0,0
AMRO,2020-02-29,8,0
EMRO,2020-02-29,222,9
EURO,2020-02-29,327,5
SEARO,2020-02-29,1,0
WPRO,2020-02-29,1839,52
AFRO,2020-03-01,0,0
AMRO,2020-03-01,6,0
EMRO,2020-03-01,13,0
EURO,2020-03-01,419,8
SEARO,2020-03-01,0,1
WPRO,2020-03-01,1178,38
AFRO,2020-03-02,7,0
AMRO,2020-03-02,25,0
EMRO,2020-03-02,420,23
EURO,2020-03-02,685,6
SEARO,2020-03-02,9,0
WPRO,2020-03-02,705,46
AFRO,2020-03-03,2,0
AMRO,2020-03-03,14,0
EMRO,2020-03-03,1393,11
EURO,2020-03-03,567,18
SEARO,2020-03-03,0,0
WPRO,2020-03-03,748,39
AFRO,2020-03-04,0,0
AMRO,2020-03-04,71,5
EMRO,2020-03-04,600,17
EURO,2020-03-04,767,29
SEARO,2020-03-04,22,0
WPRO,2020-03-04,666,41
AFRO,2020-03-05,15,0
AMRO,2020-03-05,29,4
EMRO,2020-03-05,22,0
EURO,2020-03-05,1073,30
SEARO,2020-03-05,6,0
WPRO,2020-03-05,641,35
AFRO,2020-03-06,11,0
AMRO,2020-03-06,5,0
EMRO,2020-03-06,1869,34
EURO,2020-03-06,1516,46
SEARO,2020-03-06,6,0
WPRO,2020-03-06,720,36
AFRO,2020-03-07,6,0
AMRO,2020-03-07,126,3
EMRO,2020-03-07,1138,21
EURO,2020-03-07,1870,54
SEARO,2020-03-07,8,0
WPRO,2020-03-07,697,30
AFRO,2020-03-08,1,0
AMRO,2020-03-08,38,0
EMRO,2020-03-08,793,52
EURO,2020-03-08,2203,41
SEARO,2020-03-08,19,0
WPRO,2020-03-08,489,35
AFRO,2020-03-09,0,0
AMRO,2020-03-09,284,8
EMRO,2020-03-09,40,0
EURO,2020-03-09,2612,147
SEARO,2020-03-09,0,0
WPRO,2020-03-09,366,28
AFRO,2020-03-10,8,0
AMRO,2020-03-10,248,6
EMRO,2020-03-10,1565,98
EURO,2020-03-10,3361,129
SEARO,2020-03-10,27,0
WPRO,2020-03-10,233,19
AFRO,2020-03-11,11,0
AMRO,2020-03-11,60,2
EMRO,2020-03-11,1082,64
EURO,2020-03-11,3255,193
SEARO,2020-03-11,25,1
WPRO,2020-03-11,121,27
AFRO,2020-03-12,26,1
AMRO,2020-03-12,319,4
EMRO,2020-03-12,1124,76
EURO,2020-03-12,5956,259
SEARO,2020-03-12,37,0
WPRO,2020-03-12,635,25
AFRO,2020-03-13,7,0
AMRO,2020-03-13,475,8
EMRO,2020-03-13,1318,87
EURO,2020-03-13,7545,252
SEARO,2020-03-13,47,4
WPRO,2020-03-13,128,15
AFRO,2020-03-14,54,0
AMRO,2020-03-14,585,6
EMRO,2020-03-14,1851,97
EURO,2020-03-14,8064,342
SEARO,2020-03-14,7,1
WPRO,2020-03-14,317,24
AFRO,2020-03-15,63,0
AMRO,2020-03-15,234,1
EMRO,2020-03-15,1383,117
EURO,2020-03-15,9666,306
SEARO,2020-03-15,119,0
WPRO,2020-03-15,330,16
AFRO,2020-03-16,55,3
AMRO,2020-03-16,215,3
EMRO,2020-03-16,1192,130
EURO,2020-03-16,9137,556
SEARO,2020-03-16,103,1
WPRO,2020-03-16,438,20
AFRO,2020-03-17,37,0
AMRO,2020-03-17,2250,18
EMRO,2020-03-17,1376,138
EURO,2020-03-17,11936,556
SEARO,2020-03-17,42,0
WPRO,2020-03-17,339,25
AFRO,2020-03-18,108,3
AMRO,2020-03-18,4217,50
EMRO,2020-03-18,1622,153
EURO,2020-03-18,12971,625
SEARO,2020-03-18,90,1
WPRO,2020-03-18,479,22
AFRO,2020-03-19,80,1
AMRO,2020-03-19,3928,60
EMRO,2020-03-19,1220,151
EURO,2020-03-19,15752,822
SEARO,2020-03-19,255,21
WPRO,2020-03-19,738,16
AFRO,2020-03-20,43,4
AMRO,2020-03-20,5634,56
EMRO,2020-03-20,1569,154
EURO,2020-03-20,23123,968
SEARO,2020-03-20,102,8
WPRO,2020-03-20,426,12
AFRO,2020-03-21,231,7
AMRO,2020-03-21,827,18
EMRO,2020-03-21,1281,130
EURO,2020-03-21,23969,1182
SEARO,2020-03-21,278,7
WPRO,2020-03-21,805,22
AFRO,2020-03-22,60,1
AMRO,2020-03-22,27,0
EMRO,2020-03-22,1515,137
EURO,2020-03-22,24123,1553
SEARO,2020-03-22,310,11
WPRO,2020-03-22,649,23
AFRO,2020-03-23,170,3
AMRO,2020-03-23,17319,213
EMRO,2020-03-23,1782,138
EURO,2020-03-23,22351,1482
SEARO,2020-03-23,305,5
WPRO,2020-03-23,853,17
AFRO,2020-03-24,302,3
AMRO,2020-03-24,2827,56
EMRO,2020-03-24,2091,128
EURO,2020-03-24,26758,1643
SEARO,2020-03-24,120,5
WPRO,2020-03-24,989,30
AFRO,2020-03-25,297,3
AMRO,2020-03-25,20717,273
EMRO,2020-03-25,3143,157
EURO,2020-03-25,28027,2067
SEARO,2020-03-25,324,9
WPRO,2020-03-25,1135,16
AFRO,2020-03-26,564,2
AMRO,2020-03-26,18733,351
EMRO,2020-03-26,2871,166
EURO,2020-03-26,33294,2182
SEARO,2020-03-26,222,5
WPRO,2020-03-26,816,14
AFRO,2020-03-27,221,8
AMRO,2020-03-27,1824,10
EMRO,2020-03-27,3238,163
EURO,2020-03-27,38572,2418
SEARO,2020-03-27,543,34
WPRO,2020-03-27,1435,35
AFRO,2020-03-28,436,9
AMRO,2020-03-28,19172,301
EMRO,2020-03-28,4081,164
EURO,2020-03-28,40428,2918
SEARO,2020-03-28,0,0
WPRO,2020-03-28,1161,23
AFRO,2020-03-29,178,3
AMRO,2020-03-29,20163,476
EMRO,2020-03-29,3527,148
EURO,2020-03-29,37869,3045
SEARO,2020-03-29,504,36
WPRO,2020-03-29,1445,34
AFRO,2020-03-30,487,17
AMRO,2020-03-30,21425,480
EMRO,2020-03-30,3790,134
EURO,2020-03-30,31263,2661
SEARO,2020-03-30,621,16
WPRO,2020-03-30,1278,25
AFRO,2020-03-31,319,9
AMRO,2020-03-31,2267,73
EMRO,2020-03-31,941,27
EURO,2020-03-31,31351,3045
SEARO,2020-03-31,314,5
WPRO,2020-03-31,967,32
AFRO,2020-04-01,285,16
AMRO,2020-04-01,44052,816
EMRO,2020-04-01,3861,164
EURO,2020-04-01,41788,3467
SEARO,2020-04-01,796,45
WPRO,2020-04-01,1557,20
AFRO,2020-04-02,576,31
AMRO,2020-04-02,28619,1188
EMRO,2020-04-02,6934,294
EURO,2020-04-02,39127,3609
SEARO,2020-04-02,551,28
WPRO,2020-04-02,1372,25
AFRO,2020-04-03,575,38
AMRO,2020-04-03,30631,1109
EMRO,2020-04-03,3799,164
EURO,2020-04-03,37675,3652
SEARO,2020-04-03,317,17
WPRO,2020-04-03,1046,27
AFRO,2020-04-04,744,36
AMRO,2020-04-04,31873,1190
EMRO,2020-04-04,3550,174
EURO,2020-04-04,41265,5312
SEARO,2020-04-04,212,14
WPRO,2020-04-04,1533,56
AFRO,2020-04-05,429,37
AMRO,2020-04-05,36369,1399
EMRO,2020-04-05,4310,201
EURO,2020-04-05,38599,4295
SEARO,2020-04-05,1721,37
WPRO,2020-04-05,1019,29
AFRO,2020-04-06,288,8
AMRO,2020-04-06,35739,1463
EMRO,2020-04-06,1905,27
EURO,2020-04-06,29693,3216
SEARO,2020-04-06,972,46
WPRO,2020-04-06,-799,21
AFRO,2020-04-07,458,51
AMRO,2020-04-07,31930,1390
EMRO,2020-04-07,5732,284
EURO,2020-04-07,30721,3691
SEARO,2020-04-07,644,19
WPRO,2020-04-07,1073,27
AFRO,2020-04-08,474,31
AMRO,2020-04-08,30822,1374
EMRO,2020-04-08,3683,148
EURO,2020-04-08,35163,5143
SEARO,2020-04-08,1318,71
WPRO,2020-04-08,2999,36
AFRO,2020-04-09,647,23
AMRO,2020-04-09,40492,2358
EMRO,2020-04-09,3451,169
EURO,2020-04-09,39358,4064
SEARO,2020-04-09,1097,64
WPRO,2020-04-09,1182,22
AFRO,2020-04-10,401,34
AMRO,2020-04-10,37659,2232
EMRO,2020-04-10,1487,30
EURO,2020-04-10,40994,5019
SEARO,2020-04-10,822,57
WPRO,2020-04-10,1397,35
AFRO,2020-04-11,356,12
AMRO,2020-04-11,44242,2289
EMRO,2020-04-11,4227,178
EURO,2020-04-11,39624,4374
SEARO,2020-04-11,1564,72
WPRO,2020-04-11,1301,38
AFRO,2020-04-12,448,8
AMRO,2020-04-12,37044,2230
EMRO,2020-04-12,4963,275
EURO,2020-04-12,35273,3825
SEARO,2020-04-12,1499,87
WPRO,2020-04-12,1569,41
AFRO,2020-04-13,767,62
AMRO,2020-04-13,36593,2194
EMRO,2020-04-13,2500,56
EURO,2020-04-13,29294,3224
SEARO,2020-04-13,548,34
WPRO,2020-04-13,1283,64
AFRO,2020-04-14,408,34
AMRO,2020-04-14,34701,1834
EMRO,2020-04-14,5329,242
EURO,2020-04-14,27761,3373
SEARO,2020-04-14,2356,134
WPRO,2020-04-14,1404,39
AFRO,2020-04-15,616,23
AMRO,2020-04-15,28430,1785
EMRO,2020-04-15,3036,130
EURO,2020-04-15,34074,4210
SEARO,2020-04-15,1859,54
WPRO,2020-04-15,1399,40
AFRO,2020-04-16,503,28
AMRO,2020-04-16,30348,2779
EMRO,2020-04-16,5511,140
EURO,2020-04-16,33292,4794
SEARO,2020-04-16,1709,77
WPRO,2020-04-16,1367,38
AFRO,2020-04-17,443,23
AMRO,2020-04-17,39527,6948
EMRO,2020-04-17,4172,117
EURO,2020-04-17,36913,4142
SEARO,2020-04-17,718,40
WPRO,2020-04-17,1699,29
AFRO,2020-04-18,843,42
AMRO,2020-04-18,38775,2507
EMRO,2020-04-18,4778,114
EURO,2020-04-18,33881,3874
SEARO,2020-04-18,2697,91
WPRO,2020-04-18,1987,1330
AFRO,2020-04-19,546,10
AMRO,2020-04-19,39516,2962
EMRO,2020-04-19,4050,143
EURO,2020-04-19,34914,3772
SEARO,2020-04-19,2047,81
WPRO,2020-04-19,1855,23
AFRO,2020-04-20,1099,35
AMRO,2020-04-20,31868,2011
EMRO,2020-04-20,4134,139
EURO,2020-04-20,27405,2563
SEARO,2020-04-20,2290,44
WPRO,2020-04-20,1326,27
AFRO,2020-04-21,715,36
AMRO,2020-04-21,39707,2556
EMRO,2020-04-21,6634,142
EURO,2020-04-21,28692,2960
SEARO,2020-04-21,2230,93
WPRO,2020-04-21,2069,37
AFRO,2020-04-22,684,25
AMRO,2020-04-22,32005,2511
EMRO,2020-04-22,4398,147
EURO,2020-04-22,31839,3885
SEARO,2020-04-22,1702,70
WPRO,2020-04-22,1761,108
AFRO,2020-04-23,674,24
AMRO,2020-04-23,32242,3153
EMRO,2020-04-23,5255,132
EURO,2020-04-23,30271,3270
SEARO,2020-04-23,2265,59
WPRO,2020-04-23,1635,25
AFRO,2020-04-24,1430,44
AMRO,2020-04-24,38019,2939
EMRO,2020-04-24,4355,150
EURO,2020-04-24,32091,3048
SEARO,2020-04-24,3049,95
WPRO,2020-04-24,1879,51
AFRO,2020-04-25,1236,19
AMRO,2020-04-25,40579,2502
EMRO,2020-04-25,5306,110
EURO,2020-04-25,31279,3140
SEARO,2020-04-25,1892,67
WPRO,2020-04-25,1688,37
AFRO,2020-04-26,858,29
AMRO,2020-04-26,57286,2801
EMRO,2020-04-26,5921,146
EURO,2020-04-26,28800,3042
SEARO,2020-04-26,779,54
WPRO,2020-04-26,1169,37
AFRO,2020-04-27,1120,29
AMRO,2020-04-27,47283,2793
EMRO,2020-04-27,4525,21
EURO,2020-04-27,23202,1884
SEARO,2020-04-27,4607,131
WPRO,2020-04-27,1482,15
AFRO,2020-04-28,804,16
AMRO,2020-04-28,36881,1613
EMRO,2020-04-28,7379,275
EURO,2020-04-28,23239,2147
SEARO,2020-04-28,2588,76
WPRO,2020-04-28,1264,40
AFRO,2020-04-29,839,18
AMRO,2020-04-29,35690,2221
EMRO,2020-04-29,5109,154
EURO,2020-04-29,23579,2850
SEARO,2020-04-29,992,19
WPRO,2020-04-29,1064,39
AFRO,2020-04-30,1598,39
AMRO,2020-04-30,31658,2753
EMRO,2020-04-30,5799,107
EURO,2020-04-30,28345,2689
SEARO,2020-04-30,4356,154
WPRO,2020-04-30,1290,56
AFRO,2020-05-01,1455,21
AMRO,2020-05-01,47118,3995
EMRO,2020-05-01,7226,185
EURO,2020-05-01,28300,2311
SEARO,2020-05-01,3425,84
WPRO,2020-05-01,1099,34
AFRO,2020-05-02,1299,41
AMRO,2020-05-02,48384,3034
EMRO,2020-05-02,3731,115
EURO,2020-05-02,27180,2086
SEARO,2020-05-02,3207,107
WPRO,2020-05-02,1565,43
AFRO,2020-05-03,1948,62
AMRO,2020-05-03,43704,6205
EMRO,2020-05-03,8320,125
EURO,2020-05-03,26073,1987
SEARO,2020-05-03,3714,99
WPRO,2020-05-03,1041,59
AFRO,2020-05-04,1085,22
AMRO,2020-05-04,48455,1201
EMRO,2020-05-04,5476,127
EURO,2020-05-04,23918,1400
SEARO,2020-05-04,2976,96
WPRO,2020-05-04,1328,29
AFRO,2020-05-05,2082,27
AMRO,2020-05-05,44795,127
EMRO,2020-05-05,5256,81
EURO,2020-05-05,21237,1599
SEARO,2020-05-05,5960,205
WPRO,2020-05-05,1096,29
AFRO,2020-05-06,1336,90
AMRO,2020-05-06,29641,1488
EMRO,2020-05-06,7180,238
EURO,2020-05-06,26169,2211
SEARO,2020-05-06,4210,155
WPRO,2020-05-06,1016,40
AFRO,2020-05-07,922,15
AMRO,2020-05-07,35926,3728
EMRO,2020-05-07,11493,182
EURO,2020-05-07,29972,2105
SEARO,2020-05-07,4635,124
WPRO,2020-05-07,1296,33
AFRO,2020-05-08,2834,49
AMRO,2020-05-08,43166,3139
EMRO,2020-05-08,7985,107
EURO,2020-05-08,26464,1773
SEARO,2020-05-08,1124,34
WPRO,2020-05-08,1267,34
AFRO,2020-05-09,1989,57
AMRO,2020-05-09,50389,4051
EMRO,2020-05-09,6829,84
EURO,2020-05-09,26413,1895
SEARO,2020-05-09,7467,207
WPRO,2020-05-09,1076,55
AFRO,2020-05-10,2962,46
AMRO,2020-05-10,44300,2915
EMRO,2020-05-10,11227,194
EURO,2020-05-10,24651,1204
SEARO,2020-05-10,5133,172
WPRO,2020-05-10,1139,21
AFRO,2020-05-11,1913,47
AMRO,2020-05-11,37724,2611
EMRO,2020-05-11,9660,114
EURO,2020-05-11,21311,1042
SEARO,2020-05-11,1133,11
WPRO,2020-05-11,1248,23
AFRO,2020-05-12,2331,34
AMRO,2020-05-12,25371,1670
EMRO,2020-05-12,6615,91
EURO,2020-05-12,20075,1291
SEARO,2020-05-12,9645,213
WPRO,2020-05-12,927,34
AFRO,2020-05-13,2071,51
AMRO,2020-05-13,55891,3016
EMRO,2020-05-13,11824,162
EURO,2020-05-13,24552,1843
SEARO,2020-05-13,1934,56
WPRO,2020-05-13,1364,51
AFRO,2020-05-14,2711,67
AMRO,2020-05-14,19640,1546
EMRO,2020-05-14,12807,168
EURO,2020-05-14,21995,1398
SEARO,2020-05-14,8955,286
WPRO,2020-05-14,1081,44
AFRO,2020-05-15,2365,51
AMRO,2020-05-15,63449,4209
EMRO,2020-05-15,9991,127
EURO,2020-05-15,24178,1589
SEARO,2020-05-15,5703,148
WPRO,2020-05-15,1268,42
AFRO,2020-05-16,2266,47
AMRO,2020-05-16,53855,3778
EMRO,2020-05-16,7370,62
EURO,2020-05-16,21509,1303
SEARO,2020-05-16,5549,133
WPRO,2020-05-16,1171,33
AFRO,2020-05-17,2419,44
AMRO,2020-05-17,50698,2731
EMRO,2020-05-17,12670,196
EURO,2020-05-17,21368,1145
SEARO,2020-05-17,5538,180
WPRO,2020-05-17,823,33
AFRO,2020-05-18,2472,35
AMRO,2020-05-18,62528,3174
EMRO,2020-05-18,11926,151
EURO,2020-05-18,17744,712
SEARO,2020-05-18,8701,235
WPRO,2020-05-18,971,13
AFRO,2020-05-19,2213,51
AMRO,2020-05-19,32518,1654
EMRO,2020-05-19,14782,178
EURO,2020-05-19,18397,909
SEARO,2020-05-19,1855,51
WPRO,2020-05-19,663,22
AFRO,2020-05-20,1872,42
AMRO,2020-05-20,46598,2066
EMRO,2020-05-20,9953,123
EURO,2020-05-20,19669,1347
SEARO,2020-05-20,13000,311
WPRO,2020-05-20,777,15
AFRO,2020-05-21,2294,43
AMRO,2020-05-21,60401,3250
EMRO,2020-05-21,12237,182
EURO,2020-05-21,21826,1098
SEARO,2020-05-21,8436,191
WPRO,2020-05-21,955,13
AFRO,2020-05-22,3987,93
AMRO,2020-05-22,52859,3007
EMRO,2020-05-22,7410,121
EURO,2020-05-22,19875,991
SEARO,2020-05-22,8434,220
WPRO,2020-05-22,838,24
AFRO,2020-05-23,2725,65
AMRO,2020-05-23,42291,2104
EMRO,2020-05-23,14316,165
EURO,2020-05-23,19704,967
SEARO,2020-05-23,7821,162
WPRO,2020-05-23,919,27
AFRO,2020-05-24,3056,34
AMRO,2020-05-24,35359,2594
EMRO,2020-05-24,12886,182
EURO,2020-05-24,18523,872
SEARO,2020-05-24,10792,216
WPRO,2020-05-24,925,19
AFRO,2020-05-25,2645,47
AMRO,2020-05-25,75222,3787
EMRO,2020-05-25,10494,173
EURO,2020-05-25,17158,828
SEARO,2020-05-25,9579,196
WPRO,2020-05-25,911,15
AFRO,2020-05-26,2470,87
AMRO,2020-05-26,69331,2846
EMRO,2020-05-26,12402,128
EURO,2020-05-26,16901,754
SEARO,2020-05-26,8392,195
WPRO,2020-05-26,894,24
AFRO,2020-05-27,2987,94
AMRO,2020-05-27,29383,1278
EMRO,2020-05-27,8886,102
EURO,2020-05-27,16854,809
SEARO,2020-05-27,8946,248
WPRO,2020-05-27,1007,25
AFRO,2020-05-28,4040,66
AMRO,2020-05-28,78967,3592
EMRO,2020-05-28,9860,100
EURO,2020-05-28,18168,1088
SEARO,2020-05-28,2806,39
WPRO,2020-05-28,1056,29
AFRO,2020-05-29,3206,58
AMRO,2020-05-29,59986,3446
EMRO,2020-05-29,17973,339
EURO,2020-05-29,22170,1048
SEARO,2020-05-29,729,24
WPRO,2020-05-29,1042,24
AFRO,2020-05-30,3650,51
AMRO,2020-05-30,65402,3231
EMRO,2020-05-30,14502,248
EURO,2020-05-30,19686,882
SEARO,2020-05-30,27578,739
WPRO,2020-05-30,1944,33
AFRO,2020-05-31,4191,71
AMRO,2020-05-31,58517,2848
EMRO,2020-05-31,15065,275
EURO,2020-05-31,19995,717
SEARO,2020-05-31,9364,235
WPRO,2020-05-31,1192,13
AFRO,2020-06-01,3495,88
AMRO,2020-06-01,80835,2354
EMRO,2020-06-01,14518,271
EURO,2020-06-01,16334,534
SEARO,2020-06-01,10945,270
WPRO,2020-06-01,1560,10
AFRO,2020-06-02,3539,58
AMRO,2020-06-02,67173,2176
EMRO,2020-06-02,16640,275
EURO,2020-06-02,15369,610
SEARO,2020-06-02,11430,257
WPRO,2020-06-02,1107,7
AFRO,2020-06-03,3983,97
AMRO,2020-06-03,43942,2036
EMRO,2020-06-03,15766,274
EURO,2020-06-03,15631,842
SEARO,2020-06-03,12779,277
WPRO,2020-06-03,1052,13
AFRO,2020-06-04,3529,62
AMRO,2020-06-04,72602,3171
EMRO,2020-06-04,16790,268
EURO,2020-06-04,18304,842
SEARO,2020-06-04,12977,333
WPRO,2020-06-04,1496,11
AFRO,2020-06-05,2443,48
AMRO,2020-06-05,62264,3796
EMRO,2020-06-05,12727,200
EURO,2020-06-05,19066,632
SEARO,2020-06-05,10841,297
WPRO,2020-06-05,1540,14
AFRO,2020-06-06,9025,160
AMRO,2020-06-06,70695,3812
EMRO,2020-06-06,20980,352
EURO,2020-06-06,19133,864
SEARO,2020-06-06,16139,409
WPRO,2020-06-06,637,11
AFRO,2020-06-07,4501,77
AMRO,2020-06-07,50314,2158
EMRO,2020-06-07,19526,331
EURO,2020-06-07,17953,583
SEARO,2020-06-07,13965,356
WPRO,2020-06-07,1206,11
AFRO,2020-06-08,2116,54
AMRO,2020-06-08,47716,1672
EMRO,2020-06-08,18751,268
EURO,2020-06-08,18334,419
SEARO,2020-06-08,13652,298
WPRO,2020-06-08,1038,9
AFRO,2020-06-09,6980,156
AMRO,2020-06-09,95904,3584
EMRO,2020-06-09,13623,225
EURO,2020-06-09,16175,563
SEARO,2020-06-09,13924,406
WPRO,2020-06-09,1057,9
AFRO,2020-06-10,4880,122
AMRO,2020-06-10,11496,552
EMRO,2020-06-10,23014,429
EURO,2020-06-10,17109,812
SEARO,2020-06-10,11385,320
WPRO,2020-06-10,846,11
AFRO,2020-06-11,4822,120
AMRO,2020-06-11,125687,5526
EMRO,2020-06-11,17948,320
EURO,2020-06-11,18339,652
SEARO,2020-06-11,17899,475
WPRO,2020-06-11,1292,12
AFRO,2020-06-12,5686,109
AMRO,2020-06-12,75265,3400
EMRO,2020-06-12,19954,362
EURO,2020-06-12,19566,549
SEARO,2020-06-12,1280,41
WPRO,2020-06-12,1017,12
AFRO,2020-06-13,5673,169
AMRO,2020-06-13,56153,2546
EMRO,2020-06-13,13853,236
EURO,2020-06-13,19000,533
SEARO,2020-06-13,30218,913
WPRO,2020-06-13,1228,19
AFRO,2020-06-14,6236,128
AMRO,2020-06-14,71976,2991
EMRO,2020-06-14,28664,454
EURO,2020-06-14,19660,495
SEARO,2020-06-14,16539,401
WPRO,2020-06-14,1149,25
AFRO,2020-06-15,7779,114
AMRO,2020-06-15,90895,3320
EMRO,2020-06-15,20393,455
EURO,2020-06-15,17623,401
SEARO,2020-06-15,4451,76
WPRO,2020-06-15,1132,15
AFRO,2020-06-16,6156,123
AMRO,2020-06-16,56439,1511
EMRO,2020-06-16,17947,482
EURO,2020-06-16,16931,460
SEARO,2020-06-16,26783,807
WPRO,2020-06-16,927,13
AFRO,2020-06-17,5626,112
AMRO,2020-06-17,36953,1592
EMRO,2020-06-17,21315,503
EURO,2020-06-17,17826,696
SEARO,2020-06-17,16351,2089
WPRO,2020-06-17,664,11
AFRO,2020-06-18,7452,137
AMRO,2020-06-18,105404,2462
EMRO,2020-06-18,17586,388
EURO,2020-06-18,19591,573
SEARO,2020-06-18,18558,423
WPRO,2020-06-18,876,10
AFRO,2020-06-19,6226,100
AMRO,2020-06-19,104519,3648
EMRO,2020-06-19,21022,589
EURO,2020-06-19,19607,588
SEARO,2020-06-19,19436,439
WPRO,2020-06-19,978,8
AFRO,2020-06-20,7627,166
AMRO,2020-06-20,57500,4145
EMRO,2020-06-20,22370,525
EURO,2020-06-20,19270,486
SEARO,2020-06-20,1507,34
WPRO,2020-06-20,1050,31
AFRO,2020-06-21,8750,128
AMRO,2020-06-21,135936,3787
EMRO,2020-06-21,17619,509
EURO,2020-06-21,19774,424
SEARO,2020-06-21,37677,819
WPRO,2020-06-21,1370,22
AFRO,2020-06-22,3117,69
AMRO,2020-06-22,92607,2813
EMRO,2020-06-22,18544,472
EURO,2020-06-22,17333,323
SEARO,2020-06-22,16455,482
WPRO,2020-06-22,1051,19
AFRO,2020-06-23,11888,167
AMRO,2020-06-23,67820,2457
EMRO,2020-06-23,15120,391
EURO,2020-06-23,16979,407
SEARO,2020-06-23,23457,424
WPRO,2020-06-23,1037,11
AFRO,2020-06-24,7083,175
AMRO,2020-06-24,67768,2216
EMRO,2020-06-24,19686,420
EURO,2020-06-24,18608,518
SEARO,2020-06-24,21034,544
WPRO,2020-06-24,1423,18
AFRO,2020-06-25,8323,142
AMRO,2020-06-25,58715,2334
EMRO,2020-06-25,16584,574
EURO,2020-06-25,20175,362
SEARO,2020-06-25,22160,493
WPRO,2020-06-25,844,25
AFRO,2020-06-26,10960,136
AMRO,2020-06-26,142516,4743
EMRO,2020-06-26,18350,402
EURO,2020-06-26,20107,529
SEARO,2020-06-26,22884,495
WPRO,2020-06-26,1100,11
AFRO,2020-06-27,9713,110
AMRO,2020-06-27,109610,5195
EMRO,2020-06-27,21725,636
EURO,2020-06-27,20465,523
SEARO,2020-06-27,24257,488
WPRO,2020-06-27,1459,14
AFRO,2020-06-28,8946,100
AMRO,2020-06-28,117434,3206
EMRO,2020-06-28,18203,489
EURO,2020-06-28,18683,315
SEARO,2020-06-28,24848,481
WPRO,2020-06-28,1196,12
AFRO,2020-06-29,10348,97
AMRO,2020-06-29,100875,2116
EMRO,2020-06-29,16668,440
EURO,2020-06-29,16472,304
SEARO,2020-06-29,25494,458
WPRO,2020-06-29,1136,9
AFRO,2020-06-30,9742,135
AMRO,2020-06-30,102684,3096
EMRO,2020-06-30,16025,539
EURO,2020-06-30,26970,396
SEARO,2020-06-30,22582,463
WPRO,2020-06-30,1459,13
AFRO,2020-07-01,9673,186
AMRO,2020-07-01,79826,2084
EMRO,2020-07-01,19596,514
EURO,2020-07-01,18527,520
SEARO,2020-07-01,25533,694
WPRO,2020-07-01,1530,11
AFRO,2020-07-02,11573,148
AMRO,2020-07-02,98838,3024
EMRO,2020-07-02,19646,571
EURO,2020-07-02,19285,455
SEARO,2020-07-02,24829,534
WPRO,2020-07-02,1609,5
AFRO,2020-07-03,11205,133
AMRO,2020-07-03,130028,3428
EMRO,2020-07-03,16960,427
EURO,2020-07-03,19964,488
SEARO,2020-07-03,27050,471
WPRO,2020-07-03,837,5
AFRO,2020-07-04,12532,154
AMRO,2020-07-04,75519,1504
EMRO,2020-07-04,21544,578
EURO,2020-07-04,19604,450
SEARO,2020-07-04,27942,534
WPRO,2020-07-04,2251,8
AFRO,2020-07-05,14305,114
AMRO,2020-07-05,118939,4362
EMRO,2020-07-05,17962,548
EURO,2020-07-05,18725,367
SEARO,2020-07-05,29839,697
WPRO,2020-07-05,2121,10
AFRO,2020-07-06,12050,217
AMRO,2020-07-06,181374,3501
EMRO,2020-07-06,13641,273
EURO,2020-07-06,16365,341
SEARO,2020-07-06,28953,565
WPRO,2020-07-06,2969,8
AFRO,2020-07-07,13627,174
AMRO,2020-07-07,91113,1652
EMRO,2020-07-07,21364,761
EURO,2020-07-07,17038,400
SEARO,2020-07-07,26867,583
WPRO,2020-07-07,2708,10
AFRO,2020-07-08,15826,282
AMRO,2020-07-08,91606,2097
EMRO,2020-07-08,17017,560
EURO,2020-07-08,18881,536
SEARO,2020-07-08,27266,605
WPRO,2020-07-08,2096,8
AFRO,2020-07-09,3688,43
AMRO,2020-07-09,111772,3458
EMRO,2020-07-09,16965,462
EURO,2020-07-09,19842,492
SEARO,2020-07-09,30515,584
WPRO,2020-07-09,3129,8
AFRO,2020-07-10,25636,264
AMRO,2020-07-10,145744,3958
EMRO,2020-07-10,15553,571
EURO,2020-07-10,20611,442
SEARO,2020-07-10,32926,574
WPRO,2020-07-10,2143,6
AFRO,2020-07-11,14463,168
AMRO,2020-07-11,132499,3626
EMRO,2020-07-11,15510,402
EURO,2020-07-11,21054,466
SEARO,2020-07-11,31962,608
WPRO,2020-07-11,2153,42
AFRO,2020-07-12,18675,195
AMRO,2020-07-12,68822,2495
EMRO,2020-07-12,18618,554
EURO,2020-07-12,20377,349
SEARO,2020-07-12,4555,99
WPRO,2020-07-12,2154,15
AFRO,2020-07-13,16878,167
AMRO,2020-07-13,198501,3633
EMRO,2020-07-13,14017,490
EURO,2020-07-13,17729,275
SEARO,2020-07-13,61946,1169
WPRO,2020-07-13,2954,163
AFRO,2020-07-14,15213,175
AMRO,2020-07-14,114676,2243
EMRO,2020-07-14,16642,575
EURO,2020-07-14,18691,373
SEARO,2020-07-14,33057,642
WPRO,2020-07-14,1709,66
AFRO,2020-07-15,13161,216
AMRO,2020-07-15,107474,2421
EMRO,2020-07-15,13686,563
EURO,2020-07-15,19492,415
SEARO,2020-07-15,34401,670
WPRO,2020-07-15,1563,7
AFRO,2020-07-16,17658,175
AMRO,2020-07-16,68432,2737
EMRO,2020-07-16,16034,494
EURO,2020-07-16,21252,470
SEARO,2020-07-16,37909,727
WPRO,2020-07-16,2295,19
AFRO,2020-07-17,19446,313
AMRO,2020-07-17,196384,3914
EMRO,2020-07-17,14739,498
EURO,2020-07-17,21971,423
SEARO,2020-07-17,39518,803
WPRO,2020-07-17,3709,33
AFRO,2020-07-18,17692,210
AMRO,2020-07-18,152675,5024
EMRO,2020-07-18,12630,455
EURO,2020-07-18,33422,651
SEARO,2020-07-18,4618,136
WPRO,2020-07-18,3293,22
AFRO,2020-07-19,17170,188
AMRO,2020-07-19,108581,2375
EMRO,2020-07-19,13430,449
EURO,2020-07-19,21703,554
SEARO,2020-07-19,78348,1307
WPRO,2020-07-19,3373,117
AFRO,2020-07-20,19413,160
AMRO,2020-07-20,175554,4651
EMRO,2020-07-20,12510,302
EURO,2020-07-20,18695,282
SEARO,2020-07-20,4273,164
WPRO,2020-07-20,3404,64
AFRO,2020-07-21,2913,43
AMRO,2020-07-21,53544,1755
EMRO,2020-07-21,11605,571
EURO,2020-07-21,20678,389
SEARO,2020-07-21,79533,1364
WPRO,2020-07-21,2625,8
AFRO,2020-07-22,23915,427
AMRO,2020-07-22,168050,2514
EMRO,2020-07-22,17817,579
EURO,2020-07-22,21739,447
SEARO,2020-07-22,45415,820
WPRO,2020-07-22,3404,9
AFRO,2020-07-23,18514,632
AMRO,2020-07-23,101116,3013
EMRO,2020-07-23,13852,445
EURO,2020-07-23,24037,424
SEARO,2020-07-23,50667,1312
WPRO,2020-07-23,3235,9
AFRO,2020-07-24,16675,211
AMRO,2020-07-24,212543,8980
EMRO,2020-07-24,13662,526
EURO,2020-07-24,24520,413
SEARO,2020-07-24,51266,857
WPRO,2020-07-24,4016,37
AFRO,2020-07-25,20776,336
AMRO,2020-07-25,100184,3016
EMRO,2020-07-25,14347,438
EURO,2020-07-25,23660,409
SEARO,2020-07-25,56433,933
WPRO,2020-07-25,3750,16
AFRO,2020-07-26,16264,361
AMRO,2020-07-26,234454,4942
EMRO,2020-07-26,8709,321
EURO,2020-07-26,23166,282
SEARO,2020-07-26,50725,755
WPRO,2020-07-26,3726,29
AFRO,2020-07-27,15902,184
AMRO,2020-07-27,155544,3911
EMRO,2020-07-27,16817,572
EURO,2020-07-27,18918,263
SEARO,2020-07-27,6495,159
WPRO,2020-07-27,3830,47
AFRO,2020-07-28,13439,367
AMRO,2020-07-28,114540,2168
EMRO,2020-07-28,8940,217
EURO,2020-07-28,21611,586
SEARO,2020-07-28,102166,1459
WPRO,2020-07-28,3842,26
AFRO,2020-07-29,12425,267
AMRO,2020-07-29,107178,2772
EMRO,2020-07-29,14440,596
EURO,2020-07-29,29001,413
SEARO,2020-07-29,53676,867
WPRO,2020-07-29,3620,12
AFRO,2020-07-30,15896,305
AMRO,2020-07-30,126915,3536
EMRO,2020-07-30,15682,466
EURO,2020-07-30,32591,400
SEARO,2020-07-30,55407,810
WPRO,2020-07-30,3847,29
AFRO,2020-07-31,16100,407
AMRO,2020-07-31,189227,5064
EMRO,2020-07-31,12902,431
EURO,2020-07-31,32762,414
SEARO,2020-07-31,62500,988
WPRO,2020-07-31,6592,39
AFRO,2020-08-01,13667,236
AMRO,2020-08-01,169925,4212
EMRO,2020-08-01,11007,346
EURO,2020-08-01,37325,381
SEARO,2020-08-01,62231,869
WPRO,2020-08-01,6719,58
AFRO,2020-08-02,18857,301
AMRO,2020-08-02,158742,3987
EMRO,2020-08-02,8703,369
EURO,2020-08-02,30326,586
SEARO,2020-08-02,58815,936
WPRO,2020-08-02,6691,27
AFRO,2020-08-03,12880,272
AMRO,2020-08-03,151976,3951
EMRO,2020-08-03,11313,426
EURO,2020-08-03,27156,292
SEARO,2020-08-03,56006,839
WPRO,2020-08-03,8155,35
AFRO,2020-08-04,9901,98
AMRO,2020-08-04,111350,2168
EMRO,2020-08-04,10312,450
EURO,2020-08-04,31150,374
SEARO,2020-08-04,55639,899
WPRO,2020-08-04,5103,63
AFRO,2020-08-05,8210,609
AMRO,2020-08-05,100596,2603
EMRO,2020-08-05,10587,426
EURO,2020-08-05,32226,415
SEARO,2020-08-05,56779,995
WPRO,2020-08-05,8445,36
AFRO,2020-08-06,14712,509
AMRO,2020-08-06,38917,1840
EMRO,2020-08-06,12521,393
EURO,2020-08-06,35446,392
SEARO,2020-08-06,61288,1003
WPRO,2020-08-06,6428,28
AFRO,2020-08-07,11887,391
AMRO,2020-08-07,152838,4461
EMRO,2020-08-07,11987,355
EURO,2020-08-07,35353,395
SEARO,2020-08-07,67848,999
WPRO,2020-08-07,5971,49
AFRO,2020-08-08,11884,379
AMRO,2020-08-08,257079,6666
EMRO,2020-08-08,12846,349
EURO,2020-08-08,36760,399
SEARO,2020-08-08,67432,1037
WPRO,2020-08-08,5803,36
AFRO,2020-08-09,13164,381
AMRO,2020-08-09,149061,4019
EMRO,2020-08-09,11628,338
EURO,2020-08-09,32442,638
SEARO,2020-08-09,69799,961
WPRO,2020-08-09,6238,56
AFRO,2020-08-10,10446,304
AMRO,2020-08-10,151787,3682
EMRO,2020-08-10,10983,365
EURO,2020-08-10,27137,295
SEARO,2020-08-10,66973,1108
WPRO,2020-08-10,5016,93
AFRO,2020-08-11,7775,276
AMRO,2020-08-11,58373,1705
EMRO,2020-08-11,10616,395
EURO,2020-08-11,33761,380
SEARO,2020-08-11,58679,956
WPRO,2020-08-11,8351,51
AFRO,2020-08-12,6153,207
AMRO,2020-08-12,149364,3430
EMRO,2020-08-12,12646,397
EURO,2020-08-12,33314,406
SEARO,2020-08-12,5407,97
WPRO,2020-08-12,4713,49
AFRO,2020-08-13,6568,351
AMRO,2020-08-13,150513,4487
EMRO,2020-08-13,11434,351
EURO,2020-08-13,37938,391
SEARO,2020-08-13,133545,1906
WPRO,2020-08-13,5939,123
AFRO,2020-08-14,9377,363
AMRO,2020-08-14,159464,4517
EMRO,2020-08-14,16750,407
EURO,2020-08-14,39055,412
SEARO,2020-08-14,64703,1007
WPRO,2020-08-14,5474,47
AFRO,2020-08-15,8713,356
AMRO,2020-08-15,160918,7747
EMRO,2020-08-15,12421,341
EURO,2020-08-15,39727,401
SEARO,2020-08-15,9876,197
WPRO,2020-08-15,8301,44
AFRO,2020-08-16,5774,84
AMRO,2020-08-16,138693,3459
EMRO,2020-08-16,13014,330
EURO,2020-08-16,38361,672
SEARO,2020-08-16,135185,2035
WPRO,2020-08-16,5911,168
AFRO,2020-08-17,12940,358
AMRO,2020-08-17,153934,3786
EMRO,2020-08-17,10589,297
EURO,2020-08-17,31348,268
SEARO,2020-08-17,60826,1022
WPRO,2020-08-17,5296,94
AFRO,2020-08-18,4319,66
AMRO,2020-08-18,80596,1634
EMRO,2020-08-18,10165,316
EURO,2020-08-18,29295,383
SEARO,2020-08-18,62232,1006
WPRO,2020-08-18,5059,59
AFRO,2020-08-19,7851,469
AMRO,2020-08-19,115879,2978
EMRO,2020-08-19,19720,522
EURO,2020-08-19,35260,376
SEARO,2020-08-19,70592,1216
WPRO,2020-08-19,6321,38
AFRO,2020-08-20,10599,320
AMRO,2020-08-20,127041,4106
EMRO,2020-08-20,14152,380
EURO,2020-08-20,41836,412
SEARO,2020-08-20,75169,1093
WPRO,2020-08-20,6227,138
AFRO,2020-08-21,6811,256
AMRO,2020-08-21,143711,4536
EMRO,2020-08-21,12525,355
EURO,2020-08-21,43248,371
SEARO,2020-08-21,74916,1102
WPRO,2020-08-21,6300,119
AFRO,2020-08-22,5487,53
AMRO,2020-08-22,135885,3777
EMRO,2020-08-22,14114,323
EURO,2020-08-22,43851,414
SEARO,2020-08-22,75536,1078
WPRO,2020-08-22,6151,81
AFRO,2020-08-23,11415,425
AMRO,2020-08-23,115796,3718
EMRO,2020-08-23,10224,196
EURO,2020-08-23,41112,484
SEARO,2020-08-23,5129,151
WPRO,2020-08-23,6647,48
AFRO,2020-08-24,7798,146
AMRO,2020-08-24,142597,3702
EMRO,2020-08-24,11025,397
EURO,2020-08-24,35264,284
SEARO,2020-08-24,76088,1114
WPRO,2020-08-24,3561,56
AFRO,2020-08-25,6128,142
AMRO,2020-08-25,96985,2212
EMRO,2020-08-25,5189,151
EURO,2020-08-25,32716,411
SEARO,2020-08-25,125769,1735
WPRO,2020-08-25,6119,43
AFRO,2020-08-26,5139,213
AMRO,2020-08-26,62147,1454
EMRO,2020-08-26,23413,655
EURO,2020-08-26,37573,455
SEARO,2020-08-26,72295,1204
WPRO,2020-08-26,4279,53
AFRO,2020-08-27,7353,295
AMRO,2020-08-27,149144,4867
EMRO,2020-08-27,11442,275
EURO,2020-08-27,45762,442
SEARO,2020-08-27,82647,1181
WPRO,2020-08-27,6902,146
AFRO,2020-08-28,3915,62
AMRO,2020-08-28,138107,4123
EMRO,2020-08-28,10953,289
EURO,2020-08-28,46238,433
SEARO,2020-08-28,83692,1230
WPRO,2020-08-28,4889,139
AFRO,2020-08-29,6933,277
AMRO,2020-08-29,134028,3551
EMRO,2020-08-29,15738,353
EURO,2020-08-29,48940,416
SEARO,2020-08-29,82796,1185
WPRO,2020-08-29,5522,128
AFRO,2020-08-30,7863,295
AMRO,2020-08-30,88084,2278
EMRO,2020-08-30,11807,267
EURO,2020-08-30,45428,466
SEARO,2020-08-30,6423,136
WPRO,2020-08-30,4988,127
AFRO,2020-08-31,6084,95
AMRO,2020-08-31,166653,4416
EMRO,2020-08-31,10919,294
EURO,2020-08-31,38275,318
SEARO,2020-08-31,163520,2057
WPRO,2020-08-31,5395,130
AFRO,2020-09-01,5434,180
AMRO,2020-09-01,77726,1390
EMRO,2020-09-01,12107,313
EURO,2020-09-01,34578,456
SEARO,2020-09-01,72350,852
WPRO,2020-09-01,4439,100
AFRO,2020-09-02,5149,167
AMRO,2020-09-02,99909,2421
EMRO,2020-09-02,11946,326
EURO,2020-09-02,41017,505
SEARO,2020-09-02,88125,1261
WPRO,2020-09-02,4554,62
AFRO,2020-09-03,5696,189
AMRO,2020-09-03,42510,1869
EMRO,2020-09-03,14830,362
EURO,2020-09-03,49185,491
SEARO,2020-09-03,88353,1166
WPRO,2020-09-03,3002,47
AFRO,2020-09-04,5778,67
AMRO,2020-09-04,246254,6463
EMRO,2020-09-04,14132,317
EURO,2020-09-04,51756,484
SEARO,2020-09-04,93156,1304
WPRO,2020-09-04,3367,98
AFRO,2020-09-05,4808,321
AMRO,2020-09-05,132375,3495
EMRO,2020-09-05,14544,328
EURO,2020-09-05,54225,459
SEARO,2020-09-05,93170,1214
WPRO,2020-09-05,4719,132
AFRO,2020-09-06,5866,169
AMRO,2020-09-06,136184,3172
EMRO,2020-09-06,13743,294
EURO,2020-09-06,53118,487
SEARO,2020-09-06,95035,1183
WPRO,2020-09-06,3430,75
AFRO,2020-09-07,4735,161
AMRO,2020-09-07,114753,2659
EMRO,2020-09-07,13616,265
EURO,2020-09-07,44624,342
SEARO,2020-09-07,98042,1168
WPRO,2020-09-07,3535,100
AFRO,2020-09-08,4192,159
AMRO,2020-09-08,84633,7598
EMRO,2020-09-08,12027,390
EURO,2020-09-08,42466,488
SEARO,2020-09-08,83083,1295
WPRO,2020-09-08,2068,47
AFRO,2020-09-09,4599,139
AMRO,2020-09-09,63398,1557
EMRO,2020-09-09,19080,414
EURO,2020-09-09,47895,555
SEARO,2020-09-09,95836,1261
WPRO,2020-09-09,4222,55
AFRO,2020-09-10,4822,147
AMRO,2020-09-10,67972,2292
EMRO,2020-09-10,12657,185
EURO,2020-09-10,58381,527
SEARO,2020-09-10,102057,1327
WPRO,2020-09-10,4101,98
AFRO,2020-09-11,4369,140
AMRO,2020-09-11,101791,3402
EMRO,2020-09-11,18727,484
EURO,2020-09-11,62210,504
SEARO,2020-09-11,7542,168
WPRO,2020-09-11,5010,100
AFRO,2020-09-12,5609,164
AMRO,2020-09-12,140904,4026
EMRO,2020-09-12,15329,303
EURO,2020-09-12,64499,581
SEARO,2020-09-12,199604,2503
WPRO,2020-09-12,5181,68
AFRO,2020-09-13,4644,95
AMRO,2020-09-13,131611,3305
EMRO,2020-09-13,10358,237
EURO,2020-09-13,63093,493
SEARO,2020-09-13,99105,1198
WPRO,2020-09-13,5958,212
AFRO,2020-09-14,3337,58
AMRO,2020-09-14,106120,2427
EMRO,2020-09-14,18230,374
EURO,2020-09-14,48997,400
SEARO,2020-09-14,102401,1364
WPRO,2020-09-14,4112,96
AFRO,2020-09-15,3711,100
AMRO,2020-09-15,87114,1876
EMRO,2020-09-15,8946,130
EURO,2020-09-15,49676,591
SEARO,2020-09-15,90320,1222
WPRO,2020-09-15,5306,279
AFRO,2020-09-16,3719,221
AMRO,2020-09-16,94052,2056
EMRO,2020-09-16,24999,635
EURO,2020-09-16,58723,681
SEARO,2020-09-16,97254,1476
WPRO,2020-09-16,4317,48
AFRO,2020-09-17,4278,105
AMRO,2020-09-17,109255,3385
EMRO,2020-09-17,14466,230
EURO,2020-09-17,70496,652
SEARO,2020-09-17,105368,1303
WPRO,2020-09-17,4350,90
AFRO,2020-09-18,4973,116
AMRO,2020-09-18,82460,2426
EMRO,2020-09-18,20317,565
EURO,2020-09-18,72237,648
SEARO,2020-09-18,103388,1351
WPRO,2020-09-18,4306,81
AFRO,2020-09-19,4579,121
AMRO,2020-09-19,99573,2545
EMRO,2020-09-19,13285,314
EURO,2020-09-19,75767,770
SEARO,2020-09-19,101199,1405
WPRO,2020-09-19,4177,68
AFRO,2020-09-20,4658,120
AMRO,2020-09-20,187570,4399
EMRO,2020-09-20,15391,258
EURO,2020-09-20,75825,588
SEARO,2020-09-20,7671,161
WPRO,2020-09-20,4785,119
AFRO,2020-09-21,4106,52
AMRO,2020-09-21,109854,2473
EMRO,2020-09-21,20396,589
EURO,2020-09-21,59271,480
SEARO,2020-09-21,7406,154
WPRO,2020-09-21,3992,62
AFRO,2020-09-22,3138,73
AMRO,2020-09-22,87963,1153
EMRO,2020-09-22,10935,293
EURO,2020-09-22,53574,651
SEARO,2020-09-22,258312,3379
WPRO,2020-09-22,4002,29
AFRO,2020-09-23,3909,169
AMRO,2020-09-23,89047,2240
EMRO,2020-09-23,10292,151
EURO,2020-09-23,63998,742
SEARO,2020-09-23,94572,1399
WPRO,2020-09-23,2239,62
AFRO,2020-09-24,3857,131
AMRO,2020-09-24,114666,2558
EMRO,2020-09-24,31307,685
EURO,2020-09-24,80049,753
SEARO,2020-09-24,90771,1203
WPRO,2020-09-24,3528,65
AFRO,2020-09-25,4880,127
AMRO,2020-09-25,88084,3661
EMRO,2020-09-25,12199,300
EURO,2020-09-25,85357,706
SEARO,2020-09-25,98955,1479
WPRO,2020-09-25,2876,53
AFRO,2020-09-26,1813,30
AMRO,2020-09-26,101822,2941
EMRO,2020-09-26,25249,486
EURO,2020-09-26,88688,879
SEARO,2020-09-26,92243,1242
WPRO,2020-09-26,3518,93
AFRO,2020-09-27,4605,138
AMRO,2020-09-27,177300,4022
EMRO,2020-09-27,17482,378
EURO,2020-09-27,82301,738
SEARO,2020-09-27,93160,1198
WPRO,2020-09-27,2831,98
AFRO,2020-09-28,3916,47
AMRO,2020-09-28,117674,2929
EMRO,2020-09-28,17576,412
EURO,2020-09-28,67812,535
SEARO,2020-09-28,94218,1277
WPRO,2020-09-28,3685,71
AFRO,2020-09-29,3476,229
AMRO,2020-09-29,84067,1511
EMRO,2020-09-29,15796,420
EURO,2020-09-29,57475,723
SEARO,2020-09-29,77837,929
WPRO,2020-09-29,3663,54
AFRO,2020-09-30,3601,129
AMRO,2020-09-30,68059,1105
EMRO,2020-09-30,8454,131
EURO,2020-09-30,67381,893
SEARO,2020-09-30,88323,1371
WPRO,2020-09-30,3034,88
AFRO,2020-10-01,3969,89
AMRO,2020-10-01,117114,3450
EMRO,2020-10-01,31317,706
EURO,2020-10-01,83697,844
SEARO,2020-10-01,93598,1378
WPRO,2020-10-01,3348,73
AFRO,2020-10-02,4417,173
AMRO,2020-10-02,110667,3293
EMRO,2020-10-02,18636,390
EURO,2020-10-02,96268,890
SEARO,2020-10-02,91654,1261
WPRO,2020-10-02,3426,67
AFRO,2020-10-03,3955,68
AMRO,2020-10-03,132319,6177
EMRO,2020-10-03,16245,377
EURO,2020-10-03,92817,946
SEARO,2020-10-03,89175,1261
WPRO,2020-10-03,3866,75
AFRO,2020-10-04,4218,61
AMRO,2020-10-04,126079,3018
EMRO,2020-10-04,16772,375
EURO,2020-10-04,101312,756
SEARO,2020-10-04,81958,1031
WPRO,2020-10-04,3727,75
AFRO,2020-10-05,4683,63
AMRO,2020-10-05,111970,2394
EMRO,2020-10-05,21041,469
EURO,2020-10-05,87265,555
SEARO,2020-10-05,81506,1012
WPRO,2020-10-05,3989,103
AFRO,2020-10-06,2684,79
AMRO,2020-10-06,76898,1655
EMRO,2020-10-06,16889,241
EURO,2020-10-06,86968,925
SEARO,2020-10-06,74060,1160
WPRO,2020-10-06,3449,71
AFRO,2020-10-07,2724,120
AMRO,2020-10-07,43125,1351
EMRO,2020-10-07,22599,659
EURO,2020-10-07,99372,1044
SEARO,2020-10-07,8947,187
WPRO,2020-10-07,3494,36
AFRO,2020-10-08,2990,55
AMRO,2020-10-08,164365,3152
EMRO,2020-10-08,21906,478
EURO,2020-10-08,119094,1090
SEARO,2020-10-08,161719,2144
WPRO,2020-10-08,4066,75
AFRO,2020-10-09,6054,327
AMRO,2020-10-09,95710,2554
EMRO,2020-10-09,17701,455
EURO,2020-10-09,128934,1007
SEARO,2020-10-09,82288,1129
WPRO,2020-10-09,3430,154
AFRO,2020-10-10,4586,179
AMRO,2020-10-10,181717,6397
EMRO,2020-10-10,20851,465
EURO,2020-10-10,135941,1067
SEARO,2020-10-10,82238,1081
WPRO,2020-10-10,4378,99
AFRO,2020-10-11,4656,161
AMRO,2020-10-11,129857,2973
EMRO,2020-10-11,17537,367
EURO,2020-10-11,135383,1044
SEARO,2020-10-11,87188,1075
WPRO,2020-10-11,3388,95
AFRO,2020-10-12,3790,141
AMRO,2020-10-12,120038,2122
EMRO,2020-10-12,16639,274
EURO,2020-10-12,105568,837
SEARO,2020-10-12,74711,942
WPRO,2020-10-12,3596,90
AFRO,2020-10-13,5458,143
AMRO,2020-10-13,81500,1353
EMRO,2020-10-13,22013,753
EURO,2020-10-13,109824,1091
SEARO,2020-10-13,67522,903
WPRO,2020-10-13,5018,20
AFRO,2020-10-14,3621,195
AMRO,2020-10-14,46674,1284
EMRO,2020-10-14,17438,423
EURO,2020-10-14,131778,1313
SEARO,2020-10-14,73888,891
WPRO,2020-10-14,3365,55
AFRO,2020-10-15,4683,169
AMRO,2020-10-15,144903,2729
EMRO,2020-10-15,23703,538
EURO,2020-10-15,158809,1401
SEARO,2020-10-15,77260,876
WPRO,2020-10-15,3624,97
AFRO,2020-10-16,4483,206
AMRO,2020-10-16,65801,1973
EMRO,2020-10-16,23203,507
EURO,2020-10-16,178602,1397
SEARO,2020-10-16,74237,1074
WPRO,2020-10-16,3675,59
AFRO,2020-10-17,4944,104
AMRO,2020-10-17,187352,3638
EMRO,2020-10-17,24226,581
EURO,2020-10-17,178219,1536
SEARO,2020-10-17,73781,986
WPRO,2020-10-17,4766,54
AFRO,2020-10-18,4587,100
AMRO,2020-10-18,152500,3172
EMRO,2020-10-18,18338,474
EURO,2020-10-18,176960,1297
SEARO,2020-10-18,72087,1192
WPRO,2020-10-18,4279,89
AFRO,2020-10-19,4173,96
AMRO,2020-10-19,111530,2117
EMRO,2020-10-19,18988,506
EURO,2020-10-19,154751,1119
SEARO,2020-10-19,65236,728
WPRO,2020-10-19,3800,60
AFRO,2020-10-20,3373,46
AMRO,2020-10-20,94114,1462
EMRO,2020-10-20,23005,648
EURO,2020-10-20,152505,1483
SEARO,2020-10-20,55779,732
WPRO,2020-10-20,4779,34
AFRO,2020-10-21,3725,42
AMRO,2020-10-21,114481,1803
EMRO,2020-10-21,21136,563
EURO,2020-10-21,188253,1985
SEARO,2020-10-21,64831,925
WPRO,2020-10-21,3225,25
AFRO,2020-10-22,5347,304
AMRO,2020-10-22,97180,2135
EMRO,2020-10-22,19979,547
EURO,2020-10-22,223924,1880
SEARO,2020-10-22,67221,878
WPRO,2020-10-22,3479,74
AFRO,2020-10-23,5652,151
AMRO,2020-10-23,160082,3766
EMRO,2020-10-23,24524,572
EURO,2020-10-23,244902,1943
SEARO,2020-10-23,67396,895
WPRO,2020-10-23,3550,55
AFRO,2020-10-24,5123,93
AMRO,2020-10-24,141502,2793
EMRO,2020-10-24,26540,632
EURO,2020-10-24,255580,2170
SEARO,2020-10-24,12714,182
WPRO,2020-10-24,4249,157
AFRO,2020-10-25,4535,94
AMRO,2020-10-25,165592,2893
EMRO,2020-10-25,24515,636
EURO,2020-10-25,247141,1962
SEARO,2020-10-25,5149,60
WPRO,2020-10-25,4115,33
AFRO,2020-10-26,4059,49
AMRO,2020-10-26,153430,2476
EMRO,2020-10-26,21855,527
EURO,2020-10-26,220827,1677
SEARO,2020-10-26,13045,279
WPRO,2020-10-26,3803,58
AFRO,2020-10-27,2870,71
AMRO,2020-10-27,47296,1091
EMRO,2020-10-27,24754,801
EURO,2020-10-27,212045,2070
SEARO,2020-10-27,193865,2367
WPRO,2020-10-27,4142,89
AFRO,2020-10-28,4881,119
AMRO,2020-10-28,167035,1781
EMRO,2020-10-28,28378,612
EURO,2020-10-28,258897,2986
SEARO,2020-10-28,51292,671
WPRO,2020-10-28,3226,22
AFRO,2020-10-29,4351,103
AMRO,2020-10-29,119488,2168
EMRO,2020-10-29,22233,595
EURO,2020-10-29,273932,2769
SEARO,2020-10-29,59127,676
WPRO,2020-10-29,4594,80
AFRO,2020-10-30,5493,97
AMRO,2020-10-30,188030,4093
EMRO,2020-10-30,32049,698
EURO,2020-10-30,297035,2845
SEARO,2020-10-30,58212,721
WPRO,2020-10-30,3418,46
AFRO,2020-10-31,6091,113
AMRO,2020-10-31,158484,2789
EMRO,2020-10-31,28484,730
EURO,2020-10-31,309075,3187
SEARO,2020-10-31,58041,687
WPRO,2020-10-31,3841,54
AFRO,2020-11-01,5225,93
AMRO,2020-11-01,160143,2336
EMRO,2020-11-01,25893,691
EURO,2020-11-01,270649,2855
SEARO,2020-11-01,55409,612
WPRO,2020-11-01,3449,49
AFRO,2020-11-02,3517,166
AMRO,2020-11-02,142215,2812
EMRO,2020-11-02,26706,745
EURO,2020-11-02,246727,2361
SEARO,2020-11-02,51897,615
WPRO,2020-11-02,4163,27
AFRO,2020-11-03,3836,107
AMRO,2020-11-03,121316,1327
EMRO,2020-11-03,28989,809
EURO,2020-11-03,252212,2944
SEARO,2020-11-03,48690,682
WPRO,2020-11-03,5146,52
AFRO,2020-11-04,3952,116
AMRO,2020-11-04,128982,1782
EMRO,2020-11-04,24060,666
EURO,2020-11-04,266897,4257
SEARO,2020-11-04,55614,680
WPRO,2020-11-04,4025,70
AFRO,2020-11-05,5462,82
AMRO,2020-11-05,136297,2611
EMRO,2020-11-05,34136,1057
EURO,2020-11-05,307745,3904
SEARO,2020-11-05,60062,892
WPRO,2020-11-05,3550,71
AFRO,2020-11-06,4432,50
AMRO,2020-11-06,169682,3376
EMRO,2020-11-06,35727,896
EURO,2020-11-06,332626,4002
SEARO,2020-11-06,61440,910
WPRO,2020-11-06,4324,66
AFRO,2020-11-07,7259,230
AMRO,2020-11-07,174863,2484
EMRO,2020-11-07,20472,306
EURO,2020-11-07,338418,4524
SEARO,2020-11-07,6562,65
WPRO,2020-11-07,5437,59
AFRO,2020-11-08,5191,81
AMRO,2020-11-08,146087,3109
EMRO,2020-11-08,41016,1141
EURO,2020-11-08,346573,3681
SEARO,2020-11-08,105892,1288
WPRO,2020-11-08,4724,32
AFRO,2020-11-09,3151,20
AMRO,2020-11-09,200514,2299
EMRO,2020-11-09,34467,832
EURO,2020-11-09,253522,2885
SEARO,2020-11-09,55637,629
WPRO,2020-11-09,4598,67
AFRO,2020-11-10,7905,154
AMRO,2020-11-10,141878,1785
EMRO,2020-11-10,30949,805
EURO,2020-11-10,228862,3767
SEARO,2020-11-10,8096,135
WPRO,2020-11-10,4996,142
AFRO,2020-11-11,5348,160
AMRO,2020-11-11,173137,1978
EMRO,2020-11-11,35101,873
EURO,2020-11-11,260421,5474
SEARO,2020-11-11,92288,1101
WPRO,2020-11-11,4020,39
AFRO,2020-11-12,4357,106
AMRO,2020-11-12,173959,3267
EMRO,2020-11-12,36153,863
EURO,2020-11-12,293448,4792
SEARO,2020-11-12,55490,670
WPRO,2020-11-12,4735,61
AFRO,2020-11-13,7265,142
AMRO,2020-11-13,246729,3381
EMRO,2020-11-13,36077,824
EURO,2020-11-13,316608,4566
SEARO,2020-11-13,55192,696
WPRO,2020-11-13,4447,29
AFRO,2020-11-14,8038,162
AMRO,2020-11-14,280224,3585
EMRO,2020-11-14,34339,803
EURO,2020-11-14,302850,4990
SEARO,2020-11-14,55577,686
WPRO,2020-11-14,5238,48
AFRO,2020-11-15,5127,89
AMRO,2020-11-15,248718,3028
EMRO,2020-11-15,31094,791
EURO,2020-11-15,285254,4250
SEARO,2020-11-15,49555,604
WPRO,2020-11-15,4937,49
AFRO,2020-11-16,6032,105
AMRO,2020-11-16,79637,2330
EMRO,2020-11-16,30853,792
EURO,2020-11-16,239330,3466
SEARO,2020-11-16,39911,568
WPRO,2020-11-16,4618,48
AFRO,2020-11-17,4724,133
AMRO,2020-11-17,338636,2903
EMRO,2020-11-17,38067,979
EURO,2020-11-17,222267,4180
SEARO,2020-11-17,37204,521
WPRO,2020-11-17,4792,36
AFRO,2020-11-18,5669,159
AMRO,2020-11-18,38089,1175
EMRO,2020-11-18,23906,674
EURO,2020-11-18,272121,5917
SEARO,2020-11-18,12416,272
WPRO,2020-11-18,4477,47
AFRO,2020-11-19,7136,200
AMRO,2020-11-19,371548,3793
EMRO,2020-11-19,52200,1058
EURO,2020-11-19,282447,5383
SEARO,2020-11-19,94008,1231
WPRO,2020-11-19,4941,111
AFRO,2020-11-20,9284,186
AMRO,2020-11-20,251688,4175
EMRO,2020-11-20,21588,333
EURO,2020-11-20,290031,5141
SEARO,2020-11-20,56779,754
WPRO,2020-11-20,5665,70
AFRO,2020-11-21,7299,159
AMRO,2020-11-21,258075,3915
EMRO,2020-11-21,54019,1704
EURO,2020-11-21,286706,5906
SEARO,2020-11-21,6734,63
WPRO,2020-11-21,5679,55
AFRO,2020-11-22,6911,146
AMRO,2020-11-22,271506,3830
EMRO,2020-11-22,33509,730
EURO,2020-11-22,261021,4397
SEARO,2020-11-22,106721,1310
WPRO,2020-11-22,5814,72
AFRO,2020-11-23,6361,122
AMRO,2020-11-23,218930,2694
EMRO,2020-11-23,34460,928
EURO,2020-11-23,211403,3491
SEARO,2020-11-23,53986,697
WPRO,2020-11-23,5745,59
AFRO,2020-11-24,5139,121
AMRO,2020-11-24,232243,2146
EMRO,2020-11-24,29087,769
EURO,2020-11-24,195671,4791
SEARO,2020-11-24,43635,550
WPRO,2020-11-24,6118,66
AFRO,2020-11-25,5413,144
AMRO,2020-11-25,190907,1829
EMRO,2020-11-25,37176,934
EURO,2020-11-25,235945,6337
SEARO,2020-11-25,11870,266
WPRO,2020-11-25,5613,34
AFRO,2020-11-26,5553,73
AMRO,2020-11-26,251088,4530
EMRO,2020-11-26,30329,719
EURO,2020-11-26,256265,5634
SEARO,2020-11-26,102586,1231
WPRO,2020-11-26,5093,59
AFRO,2020-11-27,10391,254
AMRO,2020-11-27,270832,4546
EMRO,2020-11-27,38788,920
EURO,2020-11-27,280830,5556
SEARO,2020-11-27,52518,682
WPRO,2020-11-27,5381,64
AFRO,2020-11-28,8041,147
AMRO,2020-11-28,227319,3443
EMRO,2020-11-28,40716,798
EURO,2020-11-28,273774,6262
SEARO,2020-11-28,56054,786
WPRO,2020-11-28,6202,46
AFRO,2020-11-29,7228,112
AMRO,2020-11-29,227012,2779
EMRO,2020-11-29,26564,423
EURO,2020-11-29,248697,4773
SEARO,2020-11-29,50531,676
WPRO,2020-11-29,6398,117
AFRO,2020-11-30,4813,54
AMRO,2020-11-30,174220,2170
EMRO,2020-11-30,18727,281
EURO,2020-11-30,202289,3705
SEARO,2020-11-30,49484,688
WPRO,2020-11-30,6157,59
AFRO,2020-12-01,4871,71
AMRO,2020-12-01,291326,2883
EMRO,2020-12-01,62206,1580
EURO,2020-12-01,193160,4687
SEARO,2020-12-01,11160,234
WPRO,2020-12-01,5371,45
AFRO,2020-12-02,8414,224
AMRO,2020-12-02,227625,2908
EMRO,2020-12-02,30456,699
EURO,2020-12-02,222157,6178
SEARO,2020-12-02,70267,1027
WPRO,2020-12-02,5773,63
AFRO,2020-12-03,7997,113
AMRO,2020-12-03,266401,4632
EMRO,2020-12-03,37159,800
EURO,2020-12-03,259875,5699
SEARO,2020-12-03,55638,898
WPRO,2020-12-03,5630,66
AFRO,2020-12-04,9027,148
AMRO,2020-12-04,286234,4827
EMRO,2020-12-04,38641,750
EURO,2020-12-04,268064,5763
SEARO,2020-12-04,50086,770
WPRO,2020-12-04,5517,57
AFRO,2020-12-05,9042,204
AMRO,2020-12-05,321358,5017
EMRO,2020-12-05,29996,627
EURO,2020-12-05,268360,5933
SEARO,2020-12-05,48062,711
WPRO,2020-12-05,5505,113
AFRO,2020-12-06,9071,162
AMRO,2020-12-06,288745,3874
EMRO,2020-12-06,36911,723
EURO,2020-12-06,249497,4660
SEARO,2020-12-06,47691,676
WPRO,2020-12-06,6078,58
AFRO,2020-12-07,7958,159
AMRO,2020-12-07,301756,4696
EMRO,2020-12-07,28157,567
EURO,2020-12-07,208183,3686
SEARO,2020-12-07,43412,612
WPRO,2020-12-07,5870,54
AFRO,2020-12-08,3149,27
AMRO,2020-12-08,250041,2478
EMRO,2020-12-08,31922,670
EURO,2020-12-08,193780,4390
SEARO,2020-12-08,36217,571
WPRO,2020-12-08,5214,67
AFRO,2020-12-09,13220,304
AMRO,2020-12-09,241915,2898
EMRO,2020-12-09,29386,744
EURO,2020-12-09,232178,6038
SEARO,2020-12-09,43635,621
WPRO,2020-12-09,5964,154
AFRO,2020-12-10,13345,226
AMRO,2020-12-10,73517,1367
EMRO,2020-12-10,29445,630
EURO,2020-12-10,256132,5204
SEARO,2020-12-10,43429,662
WPRO,2020-12-10,5983,71
AFRO,2020-12-11,4925,77
AMRO,2020-12-11,555105,9038
EMRO,2020-12-11,30096,642
EURO,2020-12-11,278328,5815
SEARO,2020-12-11,41224,655
WPRO,2020-12-11,7565,75
AFRO,2020-12-12,19986,405
AMRO,2020-12-12,309832,5108
EMRO,2020-12-12,27390,517
EURO,2020-12-12,276917,5804
SEARO,2020-12-12,40596,675
WPRO,2020-12-12,7295,53
AFRO,2020-12-13,11764,188
AMRO,2020-12-13,281492,4242
EMRO,2020-12-13,24399,572
EURO,2020-12-13,253733,4953
SEARO,2020-12-13,35403,462
WPRO,2020-12-13,7391,63
AFRO,2020-12-14,16120,287
AMRO,2020-12-14,366425,5077
EMRO,2020-12-14,26620,594
EURO,2020-12-14,210381,3526
SEARO,2020-12-14,37701,547
WPRO,2020-12-14,5535,40
AFRO,2020-12-15,7990,224
AMRO,2020-12-15,239525,2531
EMRO,2020-12-15,22882,582
EURO,2020-12-15,201236,4841
SEARO,2020-12-15,37396,719
WPRO,2020-12-15,6069,108
AFRO,2020-12-16,12210,260
AMRO,2020-12-16,261726,3007
EMRO,2020-12-16,25864,553
EURO,2020-12-16,248737,6888
SEARO,2020-12-16,11581,251
WPRO,2020-12-16,6413,119
AFRO,2020-12-17,12359,194
AMRO,2020-12-17,89002,2692
EMRO,2020-12-17,14001,327
EURO,2020-12-17,279794,5882
SEARO,2020-12-17,59033,919
WPRO,2020-12-17,6761,102
AFRO,2020-12-18,6782,65
AMRO,2020-12-18,126317,2477
EMRO,2020-12-18,32001,731
EURO,2020-12-18,296716,5745
SEARO,2020-12-18,35557,576
WPRO,2020-12-18,6074,69
AFRO,2020-12-19,23746,526
AMRO,2020-12-19,769644,12011
EMRO,2020-12-19,31299,620
EURO,2020-12-19,279308,6058
SEARO,2020-12-19,35916,549
WPRO,2020-12-19,9015,101
AFRO,2020-12-20,15511,307
AMRO,2020-12-20,129968,2700
EMRO,2020-12-20,20608,434
EURO,2020-12-20,247648,4540
SEARO,2020-12-20,38220,549
WPRO,2020-12-20,6793,97
AFRO,2020-12-21,3180,49
AMRO,2020-12-21,702031,7315
EMRO,2020-12-21,27287,598
EURO,2020-12-21,210670,3572
SEARO,2020-12-21,11543,307
WPRO,2020-12-21,6834,92
AFRO,2020-12-22,23030,427
AMRO,2020-12-22,69878,1408
EMRO,2020-12-22,20142,520
EURO,2020-12-22,209892,4914
SEARO,2020-12-22,10409,263
WPRO,2020-12-22,7075,85
AFRO,2020-12-23,13950,584
AMRO,2020-12-23,440454,4555
EMRO,2020-12-23,16917,427
EURO,2020-12-23,251089,6490
SEARO,2020-12-23,78377,1188
WPRO,2020-12-23,7168,134
AFRO,2020-12-24,17911,458
AMRO,2020-12-24,295504,5326
EMRO,2020-12-24,31021,634
EURO,2020-12-24,284987,5876
SEARO,2020-12-24,35987,518
WPRO,2020-12-24,6796,107
AFRO,2020-12-25,5169,62
AMRO,2020-12-25,312463,5079
EMRO,2020-12-25,20988,504
EURO,2020-12-25,269393,4649
SEARO,2020-12-25,32152,541
WPRO,2020-12-25,8631,84
AFRO,2020-12-26,35241,675
AMRO,2020-12-26,332348,6818
EMRO,2020-12-26,27032,532
EURO,2020-12-26,220829,3893
SEARO,2020-12-26,34451,588
WPRO,2020-12-26,6800,61
AFRO,2020-12-27,15066,295
AMRO,2020-12-27,213560,3354
EMRO,2020-12-27,16514,338
EURO,2020-12-27,168134,3353
SEARO,2020-12-27,29062,506
WPRO,2020-12-27,9759,100
AFRO,2020-12-28,13532,263
AMRO,2020-12-28,230308,2339
EMRO,2020-12-28,23532,542
EURO,2020-12-28,162919,3528
SEARO,2020-12-28,28483,554
WPRO,2020-12-28,5963,94
AFRO,2020-12-29,13624,506
AMRO,2020-12-29,201781,2821
EMRO,2020-12-29,18988,424
EURO,2020-12-29,193490,5056
SEARO,2020-12-29,20584,331
WPRO,2020-12-29,6598,122
AFRO,2020-12-30,13299,539
AMRO,2020-12-30,234844,3492
EMRO,2020-12-30,23847,475
EURO,2020-12-30,263195,6937
SEARO,2020-12-30,36671,790
WPRO,2020-12-30,6537,85
AFRO,2020-12-31,24856,555
AMRO,2020-12-31,261503,5294
EMRO,2020-12-31,23536,404
EURO,2020-12-31,309990,6154
SEARO,2020-12-31,32016,591
WPRO,2020-12-31,8851,185
AFRO,2021-01-01,24454,542
AMRO,2021-01-01,181305,4251
EMRO,2021-01-01,23665,445
EURO,2021-01-01,300670,5335
SEARO,2021-01-01,13083,283
WPRO,2021-01-01,9448,87
AFRO,2021-01-02,194,7
AMRO,2021-01-02,563204,8799
EMRO,2021-01-02,22964,504
EURO,2021-01-02,239233,3878
SEARO,2021-01-02,49648,711
WPRO,2021-01-02,7581,62
AFRO,2021-01-03,40456,865
AMRO,2021-01-03,254710,4659
EMRO,2021-01-03,22778,411
EURO,2021-01-03,188838,3589
SEARO,2021-01-03,20389,263
WPRO,2021-01-03,8000,95
AFRO,2021-01-04,3931,55
AMRO,2021-01-04,334870,3988
EMRO,2021-01-04,20465,406
EURO,2021-01-04,195948,3334
SEARO,2021-01-04,34586,681
WPRO,2021-01-04,6713,85
AFRO,2021-01-05,31464,914
AMRO,2021-01-05,272921,2691
EMRO,2021-01-05,20862,397
EURO,2021-01-05,221768,5110
SEARO,2021-01-05,19317,250
WPRO,2021-01-05,7762,105
AFRO,2021-01-06,18733,598
AMRO,2021-01-06,77723,2143
EMRO,2021-01-06,21465,363
EURO,2021-01-06,293307,6575
SEARO,2021-01-06,33699,650
WPRO,2021-01-06,8403,151
AFRO,2021-01-07,30859,966
AMRO,2021-01-07,524001,8390
EMRO,2021-01-07,26572,423
EURO,2021-01-07,331442,5766
SEARO,2021-01-07,13360,274
WPRO,2021-01-07,10834,122
AFRO,2021-01-08,30695,538
AMRO,2021-01-08,434688,7184
EMRO,2021-01-08,30422,445
EURO,2021-01-08,282004,5687
SEARO,2021-01-08,50568,729
WPRO,2021-01-08,12177,119
AFRO,2021-01-09,30774,723
AMRO,2021-01-09,423111,7459
EMRO,2021-01-09,23657,333
EURO,2021-01-09,301732,6443
SEARO,2021-01-09,13269,273
WPRO,2021-01-09,13144,120
AFRO,2021-01-10,28496,527
AMRO,2021-01-10,463571,6940
EMRO,2021-01-10,17253,315
EURO,2021-01-10,274603,4602
SEARO,2021-01-10,12360,237
WPRO,2021-01-10,12897,130
AFRO,2021-01-11,27263,488
AMRO,2021-01-11,321643,5575
EMRO,2021-01-11,35791,536
EURO,2021-01-11,224623,3548
SEARO,2021-01-11,65901,828
WPRO,2021-01-11,10978,80
AFRO,2021-01-12,25803,554
AMRO,2021-01-12,151892,2961
EMRO,2021-01-12,24303,389
EURO,2021-01-12,193967,5434
SEARO,2021-01-12,22695,403
WPRO,2021-01-12,10550,93
AFRO,2021-01-13,20612,884
AMRO,2021-01-13,491573,5419
EMRO,2021-01-13,20955,390
EURO,2021-01-13,254543,6544
SEARO,2021-01-13,29942,579
WPRO,2021-01-13,10816,214
AFRO,2021-01-14,27532,974
AMRO,2021-01-14,123688,3761
EMRO,2021-01-14,27927,463
EURO,2021-01-14,285103,6607
SEARO,2021-01-14,14160,354
WPRO,2021-01-14,10101,239
AFRO,2021-01-15,28745,866
AMRO,2021-01-15,596534,11926
EMRO,2021-01-15,31804,440
EURO,2021-01-15,275769,6128
SEARO,2021-01-15,35266,425
WPRO,2021-01-15,13269,171
AFRO,2021-01-16,22142,715
AMRO,2021-01-16,132045,2302
EMRO,2021-01-16,29508,375
EURO,2021-01-16,271527,6341
SEARO,2021-01-16,29239,507
WPRO,2021-01-16,12824,230
AFRO,2021-01-17,11749,157
AMRO,2021-01-17,151211,3169
EMRO,2021-01-17,23384,412
EURO,2021-01-17,241795,4986
SEARO,2021-01-17,44680,746
WPRO,2021-01-17,13237,97
AFRO,2021-01-18,33987,807
AMRO,2021-01-18,637207,11863
EMRO,2021-01-18,27887,470
EURO,2021-01-18,182273,3557
SEARO,2021-01-18,26959,391
WPRO,2021-01-18,11844,89
AFRO,2021-01-19,19469,522
AMRO,2021-01-19,494922,7620
EMRO,2021-01-19,20094,375
EURO,2021-01-19,167382,5194
SEARO,2021-01-19,22075,501
WPRO,2021-01-19,12220,87
AFRO,2021-01-20,19239,1023
AMRO,2021-01-20,224568,3847
EMRO,2021-01-20,24644,425
EURO,2021-01-20,224561,7396
SEARO,2021-01-20,26539,511
WPRO,2021-01-20,11088,201
AFRO,2021-01-21,21220,726
AMRO,2021-01-21,57760,2383
EMRO,2021-01-21,21732,439
EURO,2021-01-21,258407,6993
SEARO,2021-01-21,30237,444
WPRO,2021-01-21,12142,189
AFRO,2021-01-22,22913,858
AMRO,2021-01-22,565201,12407
EMRO,2021-01-22,29193,513
EURO,2021-01-22,247003,6137
SEARO,2021-01-22,28863,548
WPRO,2021-01-22,11024,174
AFRO,2021-01-23,20728,781
AMRO,2021-01-23,302015,6455
EMRO,2021-01-23,20112,372
EURO,2021-01-23,242966,6458
SEARO,2021-01-23,30295,445
WPRO,2021-01-23,11892,165
AFRO,2021-01-24,11931,132
AMRO,2021-01-24,341017,9355
EMRO,2021-01-24,28755,429
EURO,2021-01-24,223490,5165
SEARO,2021-01-24,17004,202
WPRO,2021-01-24,11257,158
AFRO,2021-01-25,27962,962
AMRO,2021-01-25,312412,7464
EMRO,2021-01-25,20743,396
EURO,2021-01-25,164474,3537
SEARO,2021-01-25,26340,432
WPRO,2021-01-25,10156,140
AFRO,2021-01-26,14158,471
AMRO,2021-01-26,222292,4032
EMRO,2021-01-26,16321,290
EURO,2021-01-26,136793,5128
SEARO,2021-01-26,25326,283
WPRO,2021-01-26,8053,140
AFRO,2021-01-27,15613,845
AMRO,2021-01-27,195708,3889
EMRO,2021-01-27,21375,426
EURO,2021-01-27,197946,7086
SEARO,2021-01-27,38835,809
WPRO,2021-01-27,9440,221
AFRO,2021-01-28,9899,172
AMRO,2021-01-28,289339,8329
EMRO,2021-01-28,34725,620
EURO,2021-01-28,234633,6642
SEARO,2021-01-28,26530,539
WPRO,2021-01-28,10551,221
AFRO,2021-01-29,21512,1454
AMRO,2021-01-29,291444,8236
EMRO,2021-01-29,24787,465
EURO,2021-01-29,226166,5898
SEARO,2021-01-29,35424,675
WPRO,2021-01-29,9948,187
AFRO,2021-01-30,15996,672
AMRO,2021-01-30,288813,8210
EMRO,2021-01-30,23581,400
EURO,2021-01-30,212303,6225
SEARO,2021-01-30,29766,357
WPRO,2021-01-30,11867,174
AFRO,2021-01-31,13175,526
AMRO,2021-01-31,272916,5715
EMRO,2021-01-31,18729,616
EURO,2021-01-31,193447,4846
SEARO,2021-01-31,29343,366
WPRO,2021-01-31,12120,198
AFRO,2021-02-01,14575,347
AMRO,2021-02-01,271891,8251
EMRO,2021-02-01,22710,468
EURO,2021-02-01,146136,3380
SEARO,2021-02-01,26838,424
WPRO,2021-02-01,10705,169
AFRO,2021-02-02,10441,410
AMRO,2021-02-02,178335,3750
EMRO,2021-02-02,20778,346
EURO,2021-02-02,123811,4805
SEARO,2021-02-02,22163,399
WPRO,2021-02-02,8545,152
AFRO,2021-02-03,10358,674
AMRO,2021-02-03,205534,4450
EMRO,2021-02-03,16141,341
EURO,2021-02-03,172812,6693
SEARO,2021-02-03,13056,332
WPRO,2021-02-03,7873,215
AFRO,2021-02-04,11996,507
AMRO,2021-02-04,211036,5634
EMRO,2021-02-04,18969,441
EURO,2021-02-04,201659,5949
SEARO,2021-02-04,38070,424
WPRO,2021-02-04,8792,202
AFRO,2021-02-05,14597,452
AMRO,2021-02-05,243790,8329
EMRO,2021-02-05,36894,492
EURO,2021-02-05,190621,5432
SEARO,2021-02-05,26539,390
WPRO,2021-02-05,9309,200
AFRO,2021-02-06,12883,418
AMRO,2021-02-06,234943,8994
EMRO,2021-02-06,21833,358
EURO,2021-02-06,180877,5379
SEARO,2021-02-06,12683,208
WPRO,2021-02-06,8161,193
AFRO,2021-02-07,9760,426
AMRO,2021-02-07,180055,4905
EMRO,2021-02-07,23895,396
EURO,2021-02-07,163302,3855
SEARO,2021-02-07,38574,391
WPRO,2021-02-07,8380,166
AFRO,2021-02-08,10774,241
AMRO,2021-02-08,267410,8805
EMRO,2021-02-08,21330,325
EURO,2021-02-08,123813,2909
SEARO,2021-02-08,23968,278
WPRO,2021-02-08,7210,142
AFRO,2021-02-09,8703,291
AMRO,2021-02-09,160830,3384
EMRO,2021-02-09,23371,384
EURO,2021-02-09,104392,4017
SEARO,2021-02-09,19315,319
WPRO,2021-02-09,6782,159
AFRO,2021-02-10,10695,553
AMRO,2021-02-10,143213,3889
EMRO,2021-02-10,15337,229
EURO,2021-02-10,147353,5806
SEARO,2021-02-10,21660,327
WPRO,2021-02-10,6602,176
AFRO,2021-02-11,11874,425
AMRO,2021-02-11,186250,6775
EMRO,2021-02-11,34545,500
EURO,2021-02-11,171127,5028
SEARO,2021-02-11,10414,207
WPRO,2021-02-11,6635,241
AFRO,2021-02-12,9199,361
AMRO,2021-02-12,204986,7305
EMRO,2021-02-12,15804,362
EURO,2021-02-12,162369,4447
SEARO,2021-02-12,24270,216
WPRO,2021-02-12,6991,180
AFRO,2021-02-13,11041,466
AMRO,2021-02-13,175595,5429
EMRO,2021-02-13,30333,353
EURO,2021-02-13,158330,4644
SEARO,2021-02-13,20045,505
WPRO,2021-02-13,8120,147
AFRO,2021-02-14,9485,250
AMRO,2021-02-14,241026,11420
EMRO,2021-02-14,29181,334
EURO,2021-02-14,140693,3267
SEARO,2021-02-14,34394,475
WPRO,2021-02-14,6911,81
AFRO,2021-02-15,7052,116
AMRO,2021-02-15,173036,6453
EMRO,2021-02-15,21436,323
EURO,2021-02-15,105290,2437
SEARO,2021-02-15,26495,559
WPRO,2021-02-15,6507,68
AFRO,2021-02-16,10753,413
AMRO,2021-02-16,71897,2888
EMRO,2021-02-16,28091,368
EURO,2021-02-16,96732,3533
SEARO,2021-02-16,10932,101
WPRO,2021-02-16,6488,83
AFRO,2021-02-17,6854,130
AMRO,2021-02-17,65123,1550
EMRO,2021-02-17,21911,275
EURO,2021-02-17,142454,4571
SEARO,2021-02-17,23222,350
WPRO,2021-02-17,6073,109
AFRO,2021-02-18,12328,504
AMRO,2021-02-18,244961,6162
EMRO,2021-02-18,32967,451
EURO,2021-02-18,161182,4279
SEARO,2021-02-18,23906,322
WPRO,2021-02-18,6320,177
AFRO,2021-02-19,8139,357
AMRO,2021-02-19,169597,5755
EMRO,2021-02-19,24210,305
EURO,2021-02-19,161881,3743
SEARO,2021-02-19,23755,305
WPRO,2021-02-19,6703,205
AFRO,2021-02-20,10397,243
AMRO,2021-02-20,173765,6020
EMRO,2021-02-20,23756,394
EURO,2021-02-20,161191,4015
SEARO,2021-02-20,25855,299
WPRO,2021-02-20,6848,232
AFRO,2021-02-21,9204,257
AMRO,2021-02-21,110037,4000
EMRO,2021-02-21,24766,310
EURO,2021-02-21,144772,2715
SEARO,2021-02-21,23470,266
WPRO,2021-02-21,5984,331
AFRO,2021-02-22,8686,211
AMRO,2021-02-22,229390,6500
EMRO,2021-02-22,29155,397
EURO,2021-02-22,116264,1974
SEARO,2021-02-22,15478,100
WPRO,2021-02-22,7214,91
AFRO,2021-02-23,6705,214
AMRO,2021-02-23,113505,2555
EMRO,2021-02-23,25890,332
EURO,2021-02-23,109007,3167
SEARO,2021-02-23,28963,458
WPRO,2021-02-23,5867,79
AFRO,2021-02-24,5075,115
AMRO,2021-02-24,115940,3611
EMRO,2021-02-24,33460,330
EURO,2021-02-24,159033,3964
SEARO,2021-02-24,25125,460
WPRO,2021-02-24,5486,85
AFRO,2021-02-25,10438,498
AMRO,2021-02-25,115743,4316
EMRO,2021-02-25,27107,380
EURO,2021-02-25,185250,3504
SEARO,2021-02-25,25023,1002
WPRO,2021-02-25,6765,105
AFRO,2021-02-26,7134,209
AMRO,2021-02-26,247277,7092
EMRO,2021-02-26,36033,485
EURO,2021-02-26,181096,3342
SEARO,2021-02-26,26248,391
WPRO,2021-02-26,5735,164
AFRO,2021-02-27,6892,187
AMRO,2021-02-27,187705,6534
EMRO,2021-02-27,29273,294
EURO,2021-02-27,179883,3611
SEARO,2021-02-27,26560,489
WPRO,2021-02-27,6564,152
AFRO,2021-02-28,6843,242
AMRO,2021-02-28,174591,4821
EMRO,2021-02-28,30859,380
EURO,2021-02-28,157193,2610
SEARO,2021-02-28,24099,316
WPRO,2021-02-28,7006,115
AFRO,2021-03-01,10049,187
AMRO,2021-03-01,173411,4789
EMRO,2021-03-01,31092,395
EURO,2021-03-01,122414,1912
SEARO,2021-03-01,6594,202
WPRO,2021-03-01,6084,68
AFRO,2021-03-02,7739,194
AMRO,2021-03-02,109553,2374
EMRO,2021-03-02,30751,420
EURO,2021-03-02,123433,3126
SEARO,2021-03-02,1294,18
WPRO,2021-03-02,4808,57
AFRO,2021-03-03,4873,257
AMRO,2021-03-03,29906,1539
EMRO,2021-03-03,32326,351
EURO,2021-03-03,176334,3786
SEARO,2021-03-03,56302,661
WPRO,2021-03-03,5402,114
AFRO,2021-03-04,7897,188
AMRO,2021-03-04,246178,7709
EMRO,2021-03-04,22487,294
EURO,2021-03-04,195388,3624
SEARO,2021-03-04,25160,532
WPRO,2021-03-04,5372,102
AFRO,2021-03-05,8239,197
AMRO,2021-03-05,178746,5532
EMRO,2021-03-05,48811,621
EURO,2021-03-05,191061,3264
SEARO,2021-03-05,25830,304
WPRO,2021-03-05,6276,96
AFRO,2021-03-06,6732,187
AMRO,2021-03-06,114838,3317
EMRO,2021-03-06,30637,380
EURO,2021-03-06,169880,3000
SEARO,2021-03-06,26591,247
WPRO,2021-03-06,6981,91
AFRO,2021-03-07,8642,177
AMRO,2021-03-07,248791,7190
EMRO,2021-03-07,25223,297
EURO,2021-03-07,183020,2556
SEARO,2021-03-07,25605,238
WPRO,2021-03-07,6754,102
AFRO,2021-03-08,10308,145
AMRO,2021-03-08,112550,3021
EMRO,2021-03-08,40083,443
EURO,2021-03-08,128431,2003
SEARO,2021-03-08,25658,229
WPRO,2021-03-08,6622,88
AFRO,2021-03-09,5191,202
AMRO,2021-03-09,203694,4413
EMRO,2021-03-09,34689,426
EURO,2021-03-09,122855,2939
SEARO,2021-03-09,23800,378
WPRO,2021-03-09,6290,64
AFRO,2021-03-10,6409,213
AMRO,2021-03-10,198844,2956
EMRO,2021-03-10,29611,403
EURO,2021-03-10,182439,3712
SEARO,2021-03-10,25727,361
WPRO,2021-03-10,5279,78
AFRO,2021-03-11,8140,203
AMRO,2021-03-11,161978,4922
EMRO,2021-03-11,36862,408
EURO,2021-03-11,209185,3459
SEARO,2021-03-11,29154,301
WPRO,2021-03-11,6783,76
AFRO,2021-03-12,8070,169
AMRO,2021-03-12,183291,5095
EMRO,2021-03-12,28752,379
EURO,2021-03-12,205364,3295
SEARO,2021-03-12,31162,257
WPRO,2021-03-12,7481,133
AFRO,2021-03-13,5867,135
AMRO,2021-03-13,188008,5276
EMRO,2021-03-13,51286,494
EURO,2021-03-13,209157,3303
SEARO,2021-03-13,32571,334
WPRO,2021-03-13,8480,152
AFRO,2021-03-14,10240,242
AMRO,2021-03-14,193074,4913
EMRO,2021-03-14,30092,402
EURO,2021-03-14,179266,2266
SEARO,2021-03-14,31852,281
WPRO,2021-03-14,8618,129
AFRO,2021-03-15,5320,115
AMRO,2021-03-15,166223,4292
EMRO,2021-03-15,37128,459
EURO,2021-03-15,141755,1900
SEARO,2021-03-15,32821,236
WPRO,2021-03-15,7984,108
